"date","country","species","mentions"
2015-12-27,"AT","Acacia saligna",0
2015-12-27,"BE","Acacia saligna",0
2015-12-27,"BG","Acacia saligna",0
2015-12-27,"CY","Acacia saligna",0
2015-12-27,"CZ","Acacia saligna",0
2015-12-27,"DE","Acacia saligna",0
2015-12-27,"DK","Acacia saligna",0
2015-12-27,"EE","Acacia saligna",0
2015-12-27,"ES","Acacia saligna",0
2015-12-27,"FI","Acacia saligna",0
2015-12-27,"FR","Acacia saligna",0
2015-12-27,"GB","Acacia saligna",0
2015-12-27,"GR","Acacia saligna",0
2015-12-27,"HR","Acacia saligna",0
2015-12-27,"HU","Acacia saligna",0
2015-12-27,"IE","Acacia saligna",0
2015-12-27,"IT","Acacia saligna",0
2015-12-27,"LT","Acacia saligna",0
2015-12-27,"LU","Acacia saligna",0
2015-12-27,"LV","Acacia saligna",0
2015-12-27,"MT","Acacia saligna",0
2015-12-27,"NL","Acacia saligna",0
2015-12-27,"PL","Acacia saligna",0
2015-12-27,"PT","Acacia saligna",0
2015-12-27,"RO","Acacia saligna",0
2015-12-27,"SE","Acacia saligna",0
2015-12-27,"SI","Acacia saligna",0
2015-12-27,"SK","Acacia saligna",0
2015-12-27,"AT","Acridotheres tristis",0
2015-12-27,"BE","Acridotheres tristis",0
2015-12-27,"BG","Acridotheres tristis",0
2015-12-27,"CY","Acridotheres tristis",0
2015-12-27,"CZ","Acridotheres tristis",0
2015-12-27,"DE","Acridotheres tristis",0
2015-12-27,"DK","Acridotheres tristis",0
2015-12-27,"EE","Acridotheres tristis",0
2015-12-27,"ES","Acridotheres tristis",0
2015-12-27,"FI","Acridotheres tristis",0
2015-12-27,"FR","Acridotheres tristis",0
2015-12-27,"GB","Acridotheres tristis",0
2015-12-27,"GR","Acridotheres tristis",0
2015-12-27,"HR","Acridotheres tristis",0
2015-12-27,"HU","Acridotheres tristis",0
2015-12-27,"IE","Acridotheres tristis",0
2015-12-27,"IT","Acridotheres tristis",0
2015-12-27,"LT","Acridotheres tristis",0
2015-12-27,"LU","Acridotheres tristis",0
2015-12-27,"LV","Acridotheres tristis",0
2015-12-27,"MT","Acridotheres tristis",0
2015-12-27,"NL","Acridotheres tristis",0
2015-12-27,"PL","Acridotheres tristis",0
2015-12-27,"PT","Acridotheres tristis",0
2015-12-27,"RO","Acridotheres tristis",0
2015-12-27,"SE","Acridotheres tristis",0
2015-12-27,"SI","Acridotheres tristis",0
2015-12-27,"SK","Acridotheres tristis",0
2015-12-27,"AT","Ailanthus altissima",0
2015-12-27,"BE","Ailanthus altissima",0
2015-12-27,"BG","Ailanthus altissima",0
2015-12-27,"CY","Ailanthus altissima",0
2015-12-27,"CZ","Ailanthus altissima",0
2015-12-27,"DE","Ailanthus altissima",0
2015-12-27,"DK","Ailanthus altissima",0
2015-12-27,"EE","Ailanthus altissima",0
2015-12-27,"ES","Ailanthus altissima",0
2015-12-27,"FI","Ailanthus altissima",0
2015-12-27,"FR","Ailanthus altissima",10.11870706026
2015-12-27,"GB","Ailanthus altissima",0
2015-12-27,"GR","Ailanthus altissima",0
2015-12-27,"HR","Ailanthus altissima",0
2015-12-27,"HU","Ailanthus altissima",0
2015-12-27,"IE","Ailanthus altissima",0
2015-12-27,"IT","Ailanthus altissima",0
2015-12-27,"LT","Ailanthus altissima",0
2015-12-27,"LU","Ailanthus altissima",0
2015-12-27,"LV","Ailanthus altissima",0
2015-12-27,"MT","Ailanthus altissima",0
2015-12-27,"NL","Ailanthus altissima",0
2015-12-27,"PL","Ailanthus altissima",0
2015-12-27,"PT","Ailanthus altissima",0
2015-12-27,"RO","Ailanthus altissima",0
2015-12-27,"SE","Ailanthus altissima",0
2015-12-27,"SI","Ailanthus altissima",0
2015-12-27,"SK","Ailanthus altissima",0
2015-12-27,"AT","Alopochen aegyptiaca",0
2015-12-27,"BE","Alopochen aegyptiaca",0
2015-12-27,"BG","Alopochen aegyptiaca",0
2015-12-27,"CY","Alopochen aegyptiaca",0
2015-12-27,"CZ","Alopochen aegyptiaca",0
2015-12-27,"DE","Alopochen aegyptiaca",31.7928053145215
2015-12-27,"DK","Alopochen aegyptiaca",0
2015-12-27,"EE","Alopochen aegyptiaca",0
2015-12-27,"ES","Alopochen aegyptiaca",0
2015-12-27,"FI","Alopochen aegyptiaca",0
2015-12-27,"FR","Alopochen aegyptiaca",0
2015-12-27,"GB","Alopochen aegyptiaca",0
2015-12-27,"GR","Alopochen aegyptiaca",0
2015-12-27,"HR","Alopochen aegyptiaca",0
2015-12-27,"HU","Alopochen aegyptiaca",0
2015-12-27,"IE","Alopochen aegyptiaca",0
2015-12-27,"IT","Alopochen aegyptiaca",0
2015-12-27,"LT","Alopochen aegyptiaca",0
2015-12-27,"LU","Alopochen aegyptiaca",0
2015-12-27,"LV","Alopochen aegyptiaca",0
2015-12-27,"MT","Alopochen aegyptiaca",0
2015-12-27,"NL","Alopochen aegyptiaca",0
2015-12-27,"PL","Alopochen aegyptiaca",0
2015-12-27,"PT","Alopochen aegyptiaca",0
2015-12-27,"RO","Alopochen aegyptiaca",0
2015-12-27,"SE","Alopochen aegyptiaca",0
2015-12-27,"SI","Alopochen aegyptiaca",0
2015-12-27,"SK","Alopochen aegyptiaca",0
2015-12-27,"AT","Alternanthera philoxeroides",0
2015-12-27,"BE","Alternanthera philoxeroides",0
2015-12-27,"BG","Alternanthera philoxeroides",0
2015-12-27,"CY","Alternanthera philoxeroides",0
2015-12-27,"CZ","Alternanthera philoxeroides",0
2015-12-27,"DE","Alternanthera philoxeroides",0
2015-12-27,"DK","Alternanthera philoxeroides",0
2015-12-27,"EE","Alternanthera philoxeroides",0
2015-12-27,"ES","Alternanthera philoxeroides",0
2015-12-27,"FI","Alternanthera philoxeroides",0
2015-12-27,"FR","Alternanthera philoxeroides",0
2015-12-27,"GB","Alternanthera philoxeroides",0
2015-12-27,"GR","Alternanthera philoxeroides",0
2015-12-27,"HR","Alternanthera philoxeroides",0
2015-12-27,"HU","Alternanthera philoxeroides",0
2015-12-27,"IE","Alternanthera philoxeroides",0
2015-12-27,"IT","Alternanthera philoxeroides",0
2015-12-27,"LT","Alternanthera philoxeroides",0
2015-12-27,"LU","Alternanthera philoxeroides",0
2015-12-27,"LV","Alternanthera philoxeroides",0
2015-12-27,"MT","Alternanthera philoxeroides",0
2015-12-27,"NL","Alternanthera philoxeroides",0
2015-12-27,"PL","Alternanthera philoxeroides",0
2015-12-27,"PT","Alternanthera philoxeroides",0
2015-12-27,"RO","Alternanthera philoxeroides",0
2015-12-27,"SE","Alternanthera philoxeroides",0
2015-12-27,"SI","Alternanthera philoxeroides",0
2015-12-27,"SK","Alternanthera philoxeroides",0
2015-12-27,"AT","Ameiurus melas",0
2015-12-27,"BE","Ameiurus melas",0
2015-12-27,"BG","Ameiurus melas",0
2015-12-27,"CY","Ameiurus melas",0
2015-12-27,"CZ","Ameiurus melas",0
2015-12-27,"DE","Ameiurus melas",0
2015-12-27,"DK","Ameiurus melas",108.384469916899
2015-12-27,"EE","Ameiurus melas",0
2015-12-27,"ES","Ameiurus melas",0
2015-12-27,"FI","Ameiurus melas",0
2015-12-27,"FR","Ameiurus melas",0
2015-12-27,"GB","Ameiurus melas",0
2015-12-27,"GR","Ameiurus melas",0
2015-12-27,"HR","Ameiurus melas",0
2015-12-27,"HU","Ameiurus melas",0
2015-12-27,"IE","Ameiurus melas",0
2015-12-27,"IT","Ameiurus melas",58.5310334383897
2015-12-27,"LT","Ameiurus melas",0
2015-12-27,"LU","Ameiurus melas",0
2015-12-27,"LV","Ameiurus melas",0
2015-12-27,"MT","Ameiurus melas",0
2015-12-27,"NL","Ameiurus melas",0
2015-12-27,"PL","Ameiurus melas",0
2015-12-27,"PT","Ameiurus melas",0
2015-12-27,"RO","Ameiurus melas",0
2015-12-27,"SE","Ameiurus melas",0
2015-12-27,"SI","Ameiurus melas",0
2015-12-27,"SK","Ameiurus melas",0
2015-12-27,"AT","Andropogon virginicus",0
2015-12-27,"BE","Andropogon virginicus",0
2015-12-27,"BG","Andropogon virginicus",0
2015-12-27,"CY","Andropogon virginicus",0
2015-12-27,"CZ","Andropogon virginicus",0
2015-12-27,"DE","Andropogon virginicus",0
2015-12-27,"DK","Andropogon virginicus",0
2015-12-27,"EE","Andropogon virginicus",0
2015-12-27,"ES","Andropogon virginicus",0
2015-12-27,"FI","Andropogon virginicus",0
2015-12-27,"FR","Andropogon virginicus",0
2015-12-27,"GB","Andropogon virginicus",0
2015-12-27,"GR","Andropogon virginicus",0
2015-12-27,"HR","Andropogon virginicus",0
2015-12-27,"HU","Andropogon virginicus",0
2015-12-27,"IE","Andropogon virginicus",0
2015-12-27,"IT","Andropogon virginicus",0
2015-12-27,"LT","Andropogon virginicus",0
2015-12-27,"LU","Andropogon virginicus",0
2015-12-27,"LV","Andropogon virginicus",0
2015-12-27,"MT","Andropogon virginicus",0
2015-12-27,"NL","Andropogon virginicus",0
2015-12-27,"PL","Andropogon virginicus",0
2015-12-27,"PT","Andropogon virginicus",0
2015-12-27,"RO","Andropogon virginicus",0
2015-12-27,"SE","Andropogon virginicus",0
2015-12-27,"SI","Andropogon virginicus",0
2015-12-27,"SK","Andropogon virginicus",0
2015-12-27,"AT","Arthurdendyus triangulatus",0
2015-12-27,"BE","Arthurdendyus triangulatus",0
2015-12-27,"BG","Arthurdendyus triangulatus",0
2015-12-27,"CY","Arthurdendyus triangulatus",0
2015-12-27,"CZ","Arthurdendyus triangulatus",0
2015-12-27,"DE","Arthurdendyus triangulatus",0
2015-12-27,"DK","Arthurdendyus triangulatus",0
2015-12-27,"EE","Arthurdendyus triangulatus",0
2015-12-27,"ES","Arthurdendyus triangulatus",0
2015-12-27,"FI","Arthurdendyus triangulatus",0
2015-12-27,"FR","Arthurdendyus triangulatus",0
2015-12-27,"GB","Arthurdendyus triangulatus",0
2015-12-27,"GR","Arthurdendyus triangulatus",0
2015-12-27,"HR","Arthurdendyus triangulatus",0
2015-12-27,"HU","Arthurdendyus triangulatus",0
2015-12-27,"IE","Arthurdendyus triangulatus",0
2015-12-27,"IT","Arthurdendyus triangulatus",0
2015-12-27,"LT","Arthurdendyus triangulatus",0
2015-12-27,"LU","Arthurdendyus triangulatus",0
2015-12-27,"LV","Arthurdendyus triangulatus",0
2015-12-27,"MT","Arthurdendyus triangulatus",0
2015-12-27,"NL","Arthurdendyus triangulatus",0
2015-12-27,"PL","Arthurdendyus triangulatus",0
2015-12-27,"PT","Arthurdendyus triangulatus",0
2015-12-27,"RO","Arthurdendyus triangulatus",0
2015-12-27,"SE","Arthurdendyus triangulatus",0
2015-12-27,"SI","Arthurdendyus triangulatus",0
2015-12-27,"SK","Arthurdendyus triangulatus",0
2015-12-27,"AT","Asclepias syriaca",0
2015-12-27,"BE","Asclepias syriaca",0
2015-12-27,"BG","Asclepias syriaca",0
2015-12-27,"CY","Asclepias syriaca",0
2015-12-27,"CZ","Asclepias syriaca",0
2015-12-27,"DE","Asclepias syriaca",0
2015-12-27,"DK","Asclepias syriaca",0
2015-12-27,"EE","Asclepias syriaca",0
2015-12-27,"ES","Asclepias syriaca",0
2015-12-27,"FI","Asclepias syriaca",0
2015-12-27,"FR","Asclepias syriaca",0
2015-12-27,"GB","Asclepias syriaca",0
2015-12-27,"GR","Asclepias syriaca",0
2015-12-27,"HR","Asclepias syriaca",0
2015-12-27,"HU","Asclepias syriaca",0
2015-12-27,"IE","Asclepias syriaca",0
2015-12-27,"IT","Asclepias syriaca",0
2015-12-27,"LT","Asclepias syriaca",0
2015-12-27,"LU","Asclepias syriaca",0
2015-12-27,"LV","Asclepias syriaca",0
2015-12-27,"MT","Asclepias syriaca",0
2015-12-27,"NL","Asclepias syriaca",0
2015-12-27,"PL","Asclepias syriaca",0
2015-12-27,"PT","Asclepias syriaca",0
2015-12-27,"RO","Asclepias syriaca",0
2015-12-27,"SE","Asclepias syriaca",0
2015-12-27,"SI","Asclepias syriaca",0
2015-12-27,"SK","Asclepias syriaca",0
2015-12-27,"AT","Axis axis",0
2015-12-27,"BE","Axis axis",0
2015-12-27,"BG","Axis axis",0
2015-12-27,"CY","Axis axis",0
2015-12-27,"CZ","Axis axis",0
2015-12-27,"DE","Axis axis",0
2015-12-27,"DK","Axis axis",0
2015-12-27,"EE","Axis axis",0
2015-12-27,"ES","Axis axis",0
2015-12-27,"FI","Axis axis",0
2015-12-27,"FR","Axis axis",0
2015-12-27,"GB","Axis axis",0
2015-12-27,"GR","Axis axis",0
2015-12-27,"HR","Axis axis",0
2015-12-27,"HU","Axis axis",0
2015-12-27,"IE","Axis axis",0
2015-12-27,"IT","Axis axis",0
2015-12-27,"LT","Axis axis",0
2015-12-27,"LU","Axis axis",0
2015-12-27,"LV","Axis axis",0
2015-12-27,"MT","Axis axis",0
2015-12-27,"NL","Axis axis",0
2015-12-27,"PL","Axis axis",0
2015-12-27,"PT","Axis axis",0
2015-12-27,"RO","Axis axis",0
2015-12-27,"SE","Axis axis",0
2015-12-27,"SI","Axis axis",0
2015-12-27,"SK","Axis axis",0
2015-12-27,"AT","Baccharis halimifolia",0
2015-12-27,"BE","Baccharis halimifolia",0
2015-12-27,"BG","Baccharis halimifolia",0
2015-12-27,"CY","Baccharis halimifolia",0
2015-12-27,"CZ","Baccharis halimifolia",0
2015-12-27,"DE","Baccharis halimifolia",0
2015-12-27,"DK","Baccharis halimifolia",0
2015-12-27,"EE","Baccharis halimifolia",0
2015-12-27,"ES","Baccharis halimifolia",0
2015-12-27,"FI","Baccharis halimifolia",0
2015-12-27,"FR","Baccharis halimifolia",0
2015-12-27,"GB","Baccharis halimifolia",0
2015-12-27,"GR","Baccharis halimifolia",0
2015-12-27,"HR","Baccharis halimifolia",0
2015-12-27,"HU","Baccharis halimifolia",0
2015-12-27,"IE","Baccharis halimifolia",0
2015-12-27,"IT","Baccharis halimifolia",0
2015-12-27,"LT","Baccharis halimifolia",0
2015-12-27,"LU","Baccharis halimifolia",0
2015-12-27,"LV","Baccharis halimifolia",0
2015-12-27,"MT","Baccharis halimifolia",0
2015-12-27,"NL","Baccharis halimifolia",0
2015-12-27,"PL","Baccharis halimifolia",0
2015-12-27,"PT","Baccharis halimifolia",0
2015-12-27,"RO","Baccharis halimifolia",0
2015-12-27,"SE","Baccharis halimifolia",0
2015-12-27,"SI","Baccharis halimifolia",0
2015-12-27,"SK","Baccharis halimifolia",0
2015-12-27,"AT","Cabomba caroliniana",0
2015-12-27,"BE","Cabomba caroliniana",0
2015-12-27,"BG","Cabomba caroliniana",0
2015-12-27,"CY","Cabomba caroliniana",0
2015-12-27,"CZ","Cabomba caroliniana",0
2015-12-27,"DE","Cabomba caroliniana",0
2015-12-27,"DK","Cabomba caroliniana",0
2015-12-27,"EE","Cabomba caroliniana",0
2015-12-27,"ES","Cabomba caroliniana",0
2015-12-27,"FI","Cabomba caroliniana",0
2015-12-27,"FR","Cabomba caroliniana",0
2015-12-27,"GB","Cabomba caroliniana",0
2015-12-27,"GR","Cabomba caroliniana",0
2015-12-27,"HR","Cabomba caroliniana",0
2015-12-27,"HU","Cabomba caroliniana",0
2015-12-27,"IE","Cabomba caroliniana",0
2015-12-27,"IT","Cabomba caroliniana",0
2015-12-27,"LT","Cabomba caroliniana",0
2015-12-27,"LU","Cabomba caroliniana",0
2015-12-27,"LV","Cabomba caroliniana",0
2015-12-27,"MT","Cabomba caroliniana",0
2015-12-27,"NL","Cabomba caroliniana",0
2015-12-27,"PL","Cabomba caroliniana",0
2015-12-27,"PT","Cabomba caroliniana",0
2015-12-27,"RO","Cabomba caroliniana",0
2015-12-27,"SE","Cabomba caroliniana",0
2015-12-27,"SI","Cabomba caroliniana",0
2015-12-27,"SK","Cabomba caroliniana",0
2015-12-27,"AT","Callosciurus erythraeus",0
2015-12-27,"BE","Callosciurus erythraeus",0
2015-12-27,"BG","Callosciurus erythraeus",0
2015-12-27,"CY","Callosciurus erythraeus",0
2015-12-27,"CZ","Callosciurus erythraeus",0
2015-12-27,"DE","Callosciurus erythraeus",0
2015-12-27,"DK","Callosciurus erythraeus",0
2015-12-27,"EE","Callosciurus erythraeus",0
2015-12-27,"ES","Callosciurus erythraeus",0
2015-12-27,"FI","Callosciurus erythraeus",0
2015-12-27,"FR","Callosciurus erythraeus",0
2015-12-27,"GB","Callosciurus erythraeus",0
2015-12-27,"GR","Callosciurus erythraeus",0
2015-12-27,"HR","Callosciurus erythraeus",0
2015-12-27,"HU","Callosciurus erythraeus",0
2015-12-27,"IE","Callosciurus erythraeus",0
2015-12-27,"IT","Callosciurus erythraeus",0
2015-12-27,"LT","Callosciurus erythraeus",0
2015-12-27,"LU","Callosciurus erythraeus",0
2015-12-27,"LV","Callosciurus erythraeus",0
2015-12-27,"MT","Callosciurus erythraeus",0
2015-12-27,"NL","Callosciurus erythraeus",0
2015-12-27,"PL","Callosciurus erythraeus",0
2015-12-27,"PT","Callosciurus erythraeus",0
2015-12-27,"RO","Callosciurus erythraeus",0
2015-12-27,"SE","Callosciurus erythraeus",0
2015-12-27,"SI","Callosciurus erythraeus",0
2015-12-27,"SK","Callosciurus erythraeus",0
2015-12-27,"AT","Callosciurus finlaysonii",0
2015-12-27,"BE","Callosciurus finlaysonii",0
2015-12-27,"BG","Callosciurus finlaysonii",0
2015-12-27,"CY","Callosciurus finlaysonii",0
2015-12-27,"CZ","Callosciurus finlaysonii",0
2015-12-27,"DE","Callosciurus finlaysonii",0
2015-12-27,"DK","Callosciurus finlaysonii",0
2015-12-27,"EE","Callosciurus finlaysonii",0
2015-12-27,"ES","Callosciurus finlaysonii",0
2015-12-27,"FI","Callosciurus finlaysonii",0
2015-12-27,"FR","Callosciurus finlaysonii",0
2015-12-27,"GB","Callosciurus finlaysonii",0
2015-12-27,"GR","Callosciurus finlaysonii",0
2015-12-27,"HR","Callosciurus finlaysonii",0
2015-12-27,"HU","Callosciurus finlaysonii",0
2015-12-27,"IE","Callosciurus finlaysonii",0
2015-12-27,"IT","Callosciurus finlaysonii",0
2015-12-27,"LT","Callosciurus finlaysonii",0
2015-12-27,"LU","Callosciurus finlaysonii",0
2015-12-27,"LV","Callosciurus finlaysonii",0
2015-12-27,"MT","Callosciurus finlaysonii",0
2015-12-27,"NL","Callosciurus finlaysonii",0
2015-12-27,"PL","Callosciurus finlaysonii",0
2015-12-27,"PT","Callosciurus finlaysonii",0
2015-12-27,"RO","Callosciurus finlaysonii",0
2015-12-27,"SE","Callosciurus finlaysonii",0
2015-12-27,"SI","Callosciurus finlaysonii",0
2015-12-27,"SK","Callosciurus finlaysonii",0
2015-12-27,"AT","Cardiospermum grandiflorum",0
2015-12-27,"BE","Cardiospermum grandiflorum",0
2015-12-27,"BG","Cardiospermum grandiflorum",0
2015-12-27,"CY","Cardiospermum grandiflorum",0
2015-12-27,"CZ","Cardiospermum grandiflorum",0
2015-12-27,"DE","Cardiospermum grandiflorum",0
2015-12-27,"DK","Cardiospermum grandiflorum",0
2015-12-27,"EE","Cardiospermum grandiflorum",0
2015-12-27,"ES","Cardiospermum grandiflorum",0
2015-12-27,"FI","Cardiospermum grandiflorum",0
2015-12-27,"FR","Cardiospermum grandiflorum",0
2015-12-27,"GB","Cardiospermum grandiflorum",0
2015-12-27,"GR","Cardiospermum grandiflorum",0
2015-12-27,"HR","Cardiospermum grandiflorum",0
2015-12-27,"HU","Cardiospermum grandiflorum",0
2015-12-27,"IE","Cardiospermum grandiflorum",0
2015-12-27,"IT","Cardiospermum grandiflorum",0
2015-12-27,"LT","Cardiospermum grandiflorum",0
2015-12-27,"LU","Cardiospermum grandiflorum",0
2015-12-27,"LV","Cardiospermum grandiflorum",0
2015-12-27,"MT","Cardiospermum grandiflorum",0
2015-12-27,"NL","Cardiospermum grandiflorum",0
2015-12-27,"PL","Cardiospermum grandiflorum",0
2015-12-27,"PT","Cardiospermum grandiflorum",0
2015-12-27,"RO","Cardiospermum grandiflorum",0
2015-12-27,"SE","Cardiospermum grandiflorum",0
2015-12-27,"SI","Cardiospermum grandiflorum",0
2015-12-27,"SK","Cardiospermum grandiflorum",0
2015-12-27,"AT","Celastrus orbiculatus",0
2015-12-27,"BE","Celastrus orbiculatus",0
2015-12-27,"BG","Celastrus orbiculatus",0
2015-12-27,"CY","Celastrus orbiculatus",0
2015-12-27,"CZ","Celastrus orbiculatus",0
2015-12-27,"DE","Celastrus orbiculatus",0
2015-12-27,"DK","Celastrus orbiculatus",0
2015-12-27,"EE","Celastrus orbiculatus",0
2015-12-27,"ES","Celastrus orbiculatus",0
2015-12-27,"FI","Celastrus orbiculatus",0
2015-12-27,"FR","Celastrus orbiculatus",0
2015-12-27,"GB","Celastrus orbiculatus",0
2015-12-27,"GR","Celastrus orbiculatus",0
2015-12-27,"HR","Celastrus orbiculatus",0
2015-12-27,"HU","Celastrus orbiculatus",0
2015-12-27,"IE","Celastrus orbiculatus",0
2015-12-27,"IT","Celastrus orbiculatus",0
2015-12-27,"LT","Celastrus orbiculatus",0
2015-12-27,"LU","Celastrus orbiculatus",0
2015-12-27,"LV","Celastrus orbiculatus",0
2015-12-27,"MT","Celastrus orbiculatus",0
2015-12-27,"NL","Celastrus orbiculatus",0
2015-12-27,"PL","Celastrus orbiculatus",0
2015-12-27,"PT","Celastrus orbiculatus",0
2015-12-27,"RO","Celastrus orbiculatus",0
2015-12-27,"SE","Celastrus orbiculatus",0
2015-12-27,"SI","Celastrus orbiculatus",0
2015-12-27,"SK","Celastrus orbiculatus",0
2015-12-27,"AT","Channa argus",0
2015-12-27,"BE","Channa argus",0
2015-12-27,"BG","Channa argus",0
2015-12-27,"CY","Channa argus",0
2015-12-27,"CZ","Channa argus",0
2015-12-27,"DE","Channa argus",0
2015-12-27,"DK","Channa argus",0
2015-12-27,"EE","Channa argus",0
2015-12-27,"ES","Channa argus",0
2015-12-27,"FI","Channa argus",0
2015-12-27,"FR","Channa argus",0
2015-12-27,"GB","Channa argus",0
2015-12-27,"GR","Channa argus",0
2015-12-27,"HR","Channa argus",0
2015-12-27,"HU","Channa argus",0
2015-12-27,"IE","Channa argus",0
2015-12-27,"IT","Channa argus",0
2015-12-27,"LT","Channa argus",0
2015-12-27,"LU","Channa argus",0
2015-12-27,"LV","Channa argus",0
2015-12-27,"MT","Channa argus",0
2015-12-27,"NL","Channa argus",0
2015-12-27,"PL","Channa argus",0
2015-12-27,"PT","Channa argus",0
2015-12-27,"RO","Channa argus",0
2015-12-27,"SE","Channa argus",0
2015-12-27,"SI","Channa argus",0
2015-12-27,"SK","Channa argus",0
2015-12-27,"AT","Cortaderia jubata",0
2015-12-27,"BE","Cortaderia jubata",0
2015-12-27,"BG","Cortaderia jubata",0
2015-12-27,"CY","Cortaderia jubata",0
2015-12-27,"CZ","Cortaderia jubata",0
2015-12-27,"DE","Cortaderia jubata",0
2015-12-27,"DK","Cortaderia jubata",0
2015-12-27,"EE","Cortaderia jubata",0
2015-12-27,"ES","Cortaderia jubata",0
2015-12-27,"FI","Cortaderia jubata",0
2015-12-27,"FR","Cortaderia jubata",0
2015-12-27,"GB","Cortaderia jubata",0
2015-12-27,"GR","Cortaderia jubata",0
2015-12-27,"HR","Cortaderia jubata",0
2015-12-27,"HU","Cortaderia jubata",0
2015-12-27,"IE","Cortaderia jubata",0
2015-12-27,"IT","Cortaderia jubata",0
2015-12-27,"LT","Cortaderia jubata",0
2015-12-27,"LU","Cortaderia jubata",0
2015-12-27,"LV","Cortaderia jubata",0
2015-12-27,"MT","Cortaderia jubata",0
2015-12-27,"NL","Cortaderia jubata",0
2015-12-27,"PL","Cortaderia jubata",0
2015-12-27,"PT","Cortaderia jubata",0
2015-12-27,"RO","Cortaderia jubata",0
2015-12-27,"SE","Cortaderia jubata",0
2015-12-27,"SI","Cortaderia jubata",0
2015-12-27,"SK","Cortaderia jubata",0
2015-12-27,"AT","Corvus splendens",0
2015-12-27,"BE","Corvus splendens",0
2015-12-27,"BG","Corvus splendens",0
2015-12-27,"CY","Corvus splendens",0
2015-12-27,"CZ","Corvus splendens",0
2015-12-27,"DE","Corvus splendens",0
2015-12-27,"DK","Corvus splendens",0
2015-12-27,"EE","Corvus splendens",0
2015-12-27,"ES","Corvus splendens",0
2015-12-27,"FI","Corvus splendens",0
2015-12-27,"FR","Corvus splendens",0
2015-12-27,"GB","Corvus splendens",0
2015-12-27,"GR","Corvus splendens",0
2015-12-27,"HR","Corvus splendens",0
2015-12-27,"HU","Corvus splendens",0
2015-12-27,"IE","Corvus splendens",0
2015-12-27,"IT","Corvus splendens",0
2015-12-27,"LT","Corvus splendens",0
2015-12-27,"LU","Corvus splendens",0
2015-12-27,"LV","Corvus splendens",0
2015-12-27,"MT","Corvus splendens",0
2015-12-27,"NL","Corvus splendens",0
2015-12-27,"PL","Corvus splendens",0
2015-12-27,"PT","Corvus splendens",0
2015-12-27,"RO","Corvus splendens",0
2015-12-27,"SE","Corvus splendens",0
2015-12-27,"SI","Corvus splendens",0
2015-12-27,"SK","Corvus splendens",0
2015-12-27,"AT","Ehrharta calycina",0
2015-12-27,"BE","Ehrharta calycina",0
2015-12-27,"BG","Ehrharta calycina",0
2015-12-27,"CY","Ehrharta calycina",0
2015-12-27,"CZ","Ehrharta calycina",0
2015-12-27,"DE","Ehrharta calycina",0
2015-12-27,"DK","Ehrharta calycina",0
2015-12-27,"EE","Ehrharta calycina",0
2015-12-27,"ES","Ehrharta calycina",0
2015-12-27,"FI","Ehrharta calycina",0
2015-12-27,"FR","Ehrharta calycina",0
2015-12-27,"GB","Ehrharta calycina",0
2015-12-27,"GR","Ehrharta calycina",0
2015-12-27,"HR","Ehrharta calycina",0
2015-12-27,"HU","Ehrharta calycina",0
2015-12-27,"IE","Ehrharta calycina",0
2015-12-27,"IT","Ehrharta calycina",0
2015-12-27,"LT","Ehrharta calycina",0
2015-12-27,"LU","Ehrharta calycina",0
2015-12-27,"LV","Ehrharta calycina",0
2015-12-27,"MT","Ehrharta calycina",0
2015-12-27,"NL","Ehrharta calycina",0
2015-12-27,"PL","Ehrharta calycina",0
2015-12-27,"PT","Ehrharta calycina",0
2015-12-27,"RO","Ehrharta calycina",0
2015-12-27,"SE","Ehrharta calycina",0
2015-12-27,"SI","Ehrharta calycina",0
2015-12-27,"SK","Ehrharta calycina",0
2015-12-27,"AT","Elodea nuttallii",0
2015-12-27,"BE","Elodea nuttallii",0
2015-12-27,"BG","Elodea nuttallii",0
2015-12-27,"CY","Elodea nuttallii",0
2015-12-27,"CZ","Elodea nuttallii",0
2015-12-27,"DE","Elodea nuttallii",0
2015-12-27,"DK","Elodea nuttallii",0
2015-12-27,"EE","Elodea nuttallii",0
2015-12-27,"ES","Elodea nuttallii",0
2015-12-27,"FI","Elodea nuttallii",0
2015-12-27,"FR","Elodea nuttallii",0
2015-12-27,"GB","Elodea nuttallii",0
2015-12-27,"GR","Elodea nuttallii",0
2015-12-27,"HR","Elodea nuttallii",0
2015-12-27,"HU","Elodea nuttallii",0
2015-12-27,"IE","Elodea nuttallii",0
2015-12-27,"IT","Elodea nuttallii",0
2015-12-27,"LT","Elodea nuttallii",0
2015-12-27,"LU","Elodea nuttallii",0
2015-12-27,"LV","Elodea nuttallii",0
2015-12-27,"MT","Elodea nuttallii",0
2015-12-27,"NL","Elodea nuttallii",0
2015-12-27,"PL","Elodea nuttallii",0
2015-12-27,"PT","Elodea nuttallii",0
2015-12-27,"RO","Elodea nuttallii",0
2015-12-27,"SE","Elodea nuttallii",0
2015-12-27,"SI","Elodea nuttallii",0
2015-12-27,"SK","Elodea nuttallii",0
2015-12-27,"AT","Eriocheir sinensis",0
2015-12-27,"BE","Eriocheir sinensis",0
2015-12-27,"BG","Eriocheir sinensis",0
2015-12-27,"CY","Eriocheir sinensis",0
2015-12-27,"CZ","Eriocheir sinensis",0
2015-12-27,"DE","Eriocheir sinensis",0
2015-12-27,"DK","Eriocheir sinensis",0
2015-12-27,"EE","Eriocheir sinensis",0
2015-12-27,"ES","Eriocheir sinensis",0
2015-12-27,"FI","Eriocheir sinensis",0
2015-12-27,"FR","Eriocheir sinensis",0
2015-12-27,"GB","Eriocheir sinensis",0
2015-12-27,"GR","Eriocheir sinensis",0
2015-12-27,"HR","Eriocheir sinensis",0
2015-12-27,"HU","Eriocheir sinensis",0
2015-12-27,"IE","Eriocheir sinensis",0
2015-12-27,"IT","Eriocheir sinensis",0
2015-12-27,"LT","Eriocheir sinensis",0
2015-12-27,"LU","Eriocheir sinensis",0
2015-12-27,"LV","Eriocheir sinensis",0
2015-12-27,"MT","Eriocheir sinensis",0
2015-12-27,"NL","Eriocheir sinensis",0
2015-12-27,"PL","Eriocheir sinensis",0
2015-12-27,"PT","Eriocheir sinensis",0
2015-12-27,"RO","Eriocheir sinensis",0
2015-12-27,"SE","Eriocheir sinensis",0
2015-12-27,"SI","Eriocheir sinensis",0
2015-12-27,"SK","Eriocheir sinensis",0
2015-12-27,"AT","Faxonius limosus",0
2015-12-27,"BE","Faxonius limosus",0
2015-12-27,"BG","Faxonius limosus",0
2015-12-27,"CY","Faxonius limosus",0
2015-12-27,"CZ","Faxonius limosus",0
2015-12-27,"DE","Faxonius limosus",0
2015-12-27,"DK","Faxonius limosus",0
2015-12-27,"EE","Faxonius limosus",0
2015-12-27,"ES","Faxonius limosus",0
2015-12-27,"FI","Faxonius limosus",0
2015-12-27,"FR","Faxonius limosus",0
2015-12-27,"GB","Faxonius limosus",0
2015-12-27,"GR","Faxonius limosus",0
2015-12-27,"HR","Faxonius limosus",0
2015-12-27,"HU","Faxonius limosus",0
2015-12-27,"IE","Faxonius limosus",0
2015-12-27,"IT","Faxonius limosus",0
2015-12-27,"LT","Faxonius limosus",0
2015-12-27,"LU","Faxonius limosus",0
2015-12-27,"LV","Faxonius limosus",0
2015-12-27,"MT","Faxonius limosus",0
2015-12-27,"NL","Faxonius limosus",0
2015-12-27,"PL","Faxonius limosus",0
2015-12-27,"PT","Faxonius limosus",0
2015-12-27,"RO","Faxonius limosus",0
2015-12-27,"SE","Faxonius limosus",0
2015-12-27,"SI","Faxonius limosus",0
2015-12-27,"SK","Faxonius limosus",0
2015-12-27,"AT","Faxonius rusticus",0
2015-12-27,"BE","Faxonius rusticus",0
2015-12-27,"BG","Faxonius rusticus",0
2015-12-27,"CY","Faxonius rusticus",0
2015-12-27,"CZ","Faxonius rusticus",0
2015-12-27,"DE","Faxonius rusticus",0
2015-12-27,"DK","Faxonius rusticus",0
2015-12-27,"EE","Faxonius rusticus",0
2015-12-27,"ES","Faxonius rusticus",0
2015-12-27,"FI","Faxonius rusticus",0
2015-12-27,"FR","Faxonius rusticus",0
2015-12-27,"GB","Faxonius rusticus",0
2015-12-27,"GR","Faxonius rusticus",0
2015-12-27,"HR","Faxonius rusticus",0
2015-12-27,"HU","Faxonius rusticus",0
2015-12-27,"IE","Faxonius rusticus",0
2015-12-27,"IT","Faxonius rusticus",0
2015-12-27,"LT","Faxonius rusticus",0
2015-12-27,"LU","Faxonius rusticus",0
2015-12-27,"LV","Faxonius rusticus",0
2015-12-27,"MT","Faxonius rusticus",0
2015-12-27,"NL","Faxonius rusticus",0
2015-12-27,"PL","Faxonius rusticus",0
2015-12-27,"PT","Faxonius rusticus",0
2015-12-27,"RO","Faxonius rusticus",0
2015-12-27,"SE","Faxonius rusticus",0
2015-12-27,"SI","Faxonius rusticus",0
2015-12-27,"SK","Faxonius rusticus",0
2015-12-27,"AT","Faxonius virilis",0
2015-12-27,"BE","Faxonius virilis",0
2015-12-27,"BG","Faxonius virilis",0
2015-12-27,"CY","Faxonius virilis",0
2015-12-27,"CZ","Faxonius virilis",0
2015-12-27,"DE","Faxonius virilis",0
2015-12-27,"DK","Faxonius virilis",0
2015-12-27,"EE","Faxonius virilis",0
2015-12-27,"ES","Faxonius virilis",0
2015-12-27,"FI","Faxonius virilis",0
2015-12-27,"FR","Faxonius virilis",0
2015-12-27,"GB","Faxonius virilis",0
2015-12-27,"GR","Faxonius virilis",0
2015-12-27,"HR","Faxonius virilis",0
2015-12-27,"HU","Faxonius virilis",0
2015-12-27,"IE","Faxonius virilis",0
2015-12-27,"IT","Faxonius virilis",0
2015-12-27,"LT","Faxonius virilis",0
2015-12-27,"LU","Faxonius virilis",0
2015-12-27,"LV","Faxonius virilis",0
2015-12-27,"MT","Faxonius virilis",0
2015-12-27,"NL","Faxonius virilis",0
2015-12-27,"PL","Faxonius virilis",0
2015-12-27,"PT","Faxonius virilis",0
2015-12-27,"RO","Faxonius virilis",0
2015-12-27,"SE","Faxonius virilis",0
2015-12-27,"SI","Faxonius virilis",0
2015-12-27,"SK","Faxonius virilis",0
2015-12-27,"AT","Fundulus heteroclitus",0
2015-12-27,"BE","Fundulus heteroclitus",0
2015-12-27,"BG","Fundulus heteroclitus",0
2015-12-27,"CY","Fundulus heteroclitus",0
2015-12-27,"CZ","Fundulus heteroclitus",0
2015-12-27,"DE","Fundulus heteroclitus",0
2015-12-27,"DK","Fundulus heteroclitus",0
2015-12-27,"EE","Fundulus heteroclitus",0
2015-12-27,"ES","Fundulus heteroclitus",0
2015-12-27,"FI","Fundulus heteroclitus",0
2015-12-27,"FR","Fundulus heteroclitus",0
2015-12-27,"GB","Fundulus heteroclitus",0
2015-12-27,"GR","Fundulus heteroclitus",0
2015-12-27,"HR","Fundulus heteroclitus",0
2015-12-27,"HU","Fundulus heteroclitus",0
2015-12-27,"IE","Fundulus heteroclitus",0
2015-12-27,"IT","Fundulus heteroclitus",0
2015-12-27,"LT","Fundulus heteroclitus",0
2015-12-27,"LU","Fundulus heteroclitus",0
2015-12-27,"LV","Fundulus heteroclitus",0
2015-12-27,"MT","Fundulus heteroclitus",0
2015-12-27,"NL","Fundulus heteroclitus",0
2015-12-27,"PL","Fundulus heteroclitus",0
2015-12-27,"PT","Fundulus heteroclitus",0
2015-12-27,"RO","Fundulus heteroclitus",0
2015-12-27,"SE","Fundulus heteroclitus",0
2015-12-27,"SI","Fundulus heteroclitus",0
2015-12-27,"SK","Fundulus heteroclitus",0
2015-12-27,"AT","Gambusia affinis",0
2015-12-27,"BE","Gambusia affinis",0
2015-12-27,"BG","Gambusia affinis",0
2015-12-27,"CY","Gambusia affinis",0
2015-12-27,"CZ","Gambusia affinis",0
2015-12-27,"DE","Gambusia affinis",0
2015-12-27,"DK","Gambusia affinis",0
2015-12-27,"EE","Gambusia affinis",0
2015-12-27,"ES","Gambusia affinis",0
2015-12-27,"FI","Gambusia affinis",0
2015-12-27,"FR","Gambusia affinis",0
2015-12-27,"GB","Gambusia affinis",0
2015-12-27,"GR","Gambusia affinis",0
2015-12-27,"HR","Gambusia affinis",0
2015-12-27,"HU","Gambusia affinis",0
2015-12-27,"IE","Gambusia affinis",0
2015-12-27,"IT","Gambusia affinis",0
2015-12-27,"LT","Gambusia affinis",0
2015-12-27,"LU","Gambusia affinis",0
2015-12-27,"LV","Gambusia affinis",0
2015-12-27,"MT","Gambusia affinis",0
2015-12-27,"NL","Gambusia affinis",0
2015-12-27,"PL","Gambusia affinis",0
2015-12-27,"PT","Gambusia affinis",0
2015-12-27,"RO","Gambusia affinis",0
2015-12-27,"SE","Gambusia affinis",0
2015-12-27,"SI","Gambusia affinis",0
2015-12-27,"SK","Gambusia affinis",0
2015-12-27,"AT","Gambusia holbrooki",0
2015-12-27,"BE","Gambusia holbrooki",0
2015-12-27,"BG","Gambusia holbrooki",0
2015-12-27,"CY","Gambusia holbrooki",0
2015-12-27,"CZ","Gambusia holbrooki",0
2015-12-27,"DE","Gambusia holbrooki",0
2015-12-27,"DK","Gambusia holbrooki",0
2015-12-27,"EE","Gambusia holbrooki",0
2015-12-27,"ES","Gambusia holbrooki",0
2015-12-27,"FI","Gambusia holbrooki",0
2015-12-27,"FR","Gambusia holbrooki",0
2015-12-27,"GB","Gambusia holbrooki",0
2015-12-27,"GR","Gambusia holbrooki",0
2015-12-27,"HR","Gambusia holbrooki",0
2015-12-27,"HU","Gambusia holbrooki",0
2015-12-27,"IE","Gambusia holbrooki",0
2015-12-27,"IT","Gambusia holbrooki",0
2015-12-27,"LT","Gambusia holbrooki",0
2015-12-27,"LU","Gambusia holbrooki",0
2015-12-27,"LV","Gambusia holbrooki",0
2015-12-27,"MT","Gambusia holbrooki",0
2015-12-27,"NL","Gambusia holbrooki",0
2015-12-27,"PL","Gambusia holbrooki",0
2015-12-27,"PT","Gambusia holbrooki",0
2015-12-27,"RO","Gambusia holbrooki",0
2015-12-27,"SE","Gambusia holbrooki",0
2015-12-27,"SI","Gambusia holbrooki",0
2015-12-27,"SK","Gambusia holbrooki",0
2015-12-27,"AT","Gunnera tinctoria",0
2015-12-27,"BE","Gunnera tinctoria",0
2015-12-27,"BG","Gunnera tinctoria",0
2015-12-27,"CY","Gunnera tinctoria",0
2015-12-27,"CZ","Gunnera tinctoria",0
2015-12-27,"DE","Gunnera tinctoria",0
2015-12-27,"DK","Gunnera tinctoria",0
2015-12-27,"EE","Gunnera tinctoria",0
2015-12-27,"ES","Gunnera tinctoria",0
2015-12-27,"FI","Gunnera tinctoria",0
2015-12-27,"FR","Gunnera tinctoria",0
2015-12-27,"GB","Gunnera tinctoria",0
2015-12-27,"GR","Gunnera tinctoria",0
2015-12-27,"HR","Gunnera tinctoria",0
2015-12-27,"HU","Gunnera tinctoria",0
2015-12-27,"IE","Gunnera tinctoria",0
2015-12-27,"IT","Gunnera tinctoria",0
2015-12-27,"LT","Gunnera tinctoria",0
2015-12-27,"LU","Gunnera tinctoria",0
2015-12-27,"LV","Gunnera tinctoria",0
2015-12-27,"MT","Gunnera tinctoria",0
2015-12-27,"NL","Gunnera tinctoria",0
2015-12-27,"PL","Gunnera tinctoria",0
2015-12-27,"PT","Gunnera tinctoria",0
2015-12-27,"RO","Gunnera tinctoria",0
2015-12-27,"SE","Gunnera tinctoria",0
2015-12-27,"SI","Gunnera tinctoria",0
2015-12-27,"SK","Gunnera tinctoria",0
2015-12-27,"AT","Gymnocoronis spilanthoides",0
2015-12-27,"BE","Gymnocoronis spilanthoides",0
2015-12-27,"BG","Gymnocoronis spilanthoides",0
2015-12-27,"CY","Gymnocoronis spilanthoides",0
2015-12-27,"CZ","Gymnocoronis spilanthoides",0
2015-12-27,"DE","Gymnocoronis spilanthoides",0
2015-12-27,"DK","Gymnocoronis spilanthoides",0
2015-12-27,"EE","Gymnocoronis spilanthoides",0
2015-12-27,"ES","Gymnocoronis spilanthoides",0
2015-12-27,"FI","Gymnocoronis spilanthoides",0
2015-12-27,"FR","Gymnocoronis spilanthoides",0
2015-12-27,"GB","Gymnocoronis spilanthoides",0
2015-12-27,"GR","Gymnocoronis spilanthoides",0
2015-12-27,"HR","Gymnocoronis spilanthoides",0
2015-12-27,"HU","Gymnocoronis spilanthoides",0
2015-12-27,"IE","Gymnocoronis spilanthoides",0
2015-12-27,"IT","Gymnocoronis spilanthoides",0
2015-12-27,"LT","Gymnocoronis spilanthoides",0
2015-12-27,"LU","Gymnocoronis spilanthoides",0
2015-12-27,"LV","Gymnocoronis spilanthoides",0
2015-12-27,"MT","Gymnocoronis spilanthoides",0
2015-12-27,"NL","Gymnocoronis spilanthoides",0
2015-12-27,"PL","Gymnocoronis spilanthoides",0
2015-12-27,"PT","Gymnocoronis spilanthoides",0
2015-12-27,"RO","Gymnocoronis spilanthoides",0
2015-12-27,"SE","Gymnocoronis spilanthoides",0
2015-12-27,"SI","Gymnocoronis spilanthoides",0
2015-12-27,"SK","Gymnocoronis spilanthoides",0
2015-12-27,"AT","Hakea sericea",0
2015-12-27,"BE","Hakea sericea",0
2015-12-27,"BG","Hakea sericea",0
2015-12-27,"CY","Hakea sericea",0
2015-12-27,"CZ","Hakea sericea",0
2015-12-27,"DE","Hakea sericea",0
2015-12-27,"DK","Hakea sericea",0
2015-12-27,"EE","Hakea sericea",0
2015-12-27,"ES","Hakea sericea",0
2015-12-27,"FI","Hakea sericea",0
2015-12-27,"FR","Hakea sericea",0
2015-12-27,"GB","Hakea sericea",0
2015-12-27,"GR","Hakea sericea",0
2015-12-27,"HR","Hakea sericea",0
2015-12-27,"HU","Hakea sericea",0
2015-12-27,"IE","Hakea sericea",0
2015-12-27,"IT","Hakea sericea",0
2015-12-27,"LT","Hakea sericea",0
2015-12-27,"LU","Hakea sericea",0
2015-12-27,"LV","Hakea sericea",0
2015-12-27,"MT","Hakea sericea",0
2015-12-27,"NL","Hakea sericea",0
2015-12-27,"PL","Hakea sericea",0
2015-12-27,"PT","Hakea sericea",0
2015-12-27,"RO","Hakea sericea",0
2015-12-27,"SE","Hakea sericea",0
2015-12-27,"SI","Hakea sericea",0
2015-12-27,"SK","Hakea sericea",0
2015-12-27,"AT","Heracleum mantegazzianum",0
2015-12-27,"BE","Heracleum mantegazzianum",0
2015-12-27,"BG","Heracleum mantegazzianum",0
2015-12-27,"CY","Heracleum mantegazzianum",0
2015-12-27,"CZ","Heracleum mantegazzianum",0
2015-12-27,"DE","Heracleum mantegazzianum",0
2015-12-27,"DK","Heracleum mantegazzianum",0
2015-12-27,"EE","Heracleum mantegazzianum",0
2015-12-27,"ES","Heracleum mantegazzianum",0
2015-12-27,"FI","Heracleum mantegazzianum",0
2015-12-27,"FR","Heracleum mantegazzianum",0
2015-12-27,"GB","Heracleum mantegazzianum",0
2015-12-27,"GR","Heracleum mantegazzianum",0
2015-12-27,"HR","Heracleum mantegazzianum",0
2015-12-27,"HU","Heracleum mantegazzianum",0
2015-12-27,"IE","Heracleum mantegazzianum",0
2015-12-27,"IT","Heracleum mantegazzianum",0
2015-12-27,"LT","Heracleum mantegazzianum",0
2015-12-27,"LU","Heracleum mantegazzianum",0
2015-12-27,"LV","Heracleum mantegazzianum",0
2015-12-27,"MT","Heracleum mantegazzianum",0
2015-12-27,"NL","Heracleum mantegazzianum",0
2015-12-27,"PL","Heracleum mantegazzianum",0
2015-12-27,"PT","Heracleum mantegazzianum",0
2015-12-27,"RO","Heracleum mantegazzianum",0
2015-12-27,"SE","Heracleum mantegazzianum",0
2015-12-27,"SI","Heracleum mantegazzianum",0
2015-12-27,"SK","Heracleum mantegazzianum",0
2015-12-27,"AT","Heracleum persicum",0
2015-12-27,"BE","Heracleum persicum",0
2015-12-27,"BG","Heracleum persicum",0
2015-12-27,"CY","Heracleum persicum",0
2015-12-27,"CZ","Heracleum persicum",0
2015-12-27,"DE","Heracleum persicum",0
2015-12-27,"DK","Heracleum persicum",0
2015-12-27,"EE","Heracleum persicum",0
2015-12-27,"ES","Heracleum persicum",0
2015-12-27,"FI","Heracleum persicum",0
2015-12-27,"FR","Heracleum persicum",0
2015-12-27,"GB","Heracleum persicum",0
2015-12-27,"GR","Heracleum persicum",0
2015-12-27,"HR","Heracleum persicum",0
2015-12-27,"HU","Heracleum persicum",0
2015-12-27,"IE","Heracleum persicum",0
2015-12-27,"IT","Heracleum persicum",0
2015-12-27,"LT","Heracleum persicum",0
2015-12-27,"LU","Heracleum persicum",0
2015-12-27,"LV","Heracleum persicum",0
2015-12-27,"MT","Heracleum persicum",0
2015-12-27,"NL","Heracleum persicum",0
2015-12-27,"PL","Heracleum persicum",0
2015-12-27,"PT","Heracleum persicum",0
2015-12-27,"RO","Heracleum persicum",0
2015-12-27,"SE","Heracleum persicum",0
2015-12-27,"SI","Heracleum persicum",0
2015-12-27,"SK","Heracleum persicum",0
2015-12-27,"AT","Heracleum sosnowskyi",0
2015-12-27,"BE","Heracleum sosnowskyi",0
2015-12-27,"BG","Heracleum sosnowskyi",0
2015-12-27,"CY","Heracleum sosnowskyi",0
2015-12-27,"CZ","Heracleum sosnowskyi",0
2015-12-27,"DE","Heracleum sosnowskyi",0
2015-12-27,"DK","Heracleum sosnowskyi",0
2015-12-27,"EE","Heracleum sosnowskyi",0
2015-12-27,"ES","Heracleum sosnowskyi",0
2015-12-27,"FI","Heracleum sosnowskyi",0
2015-12-27,"FR","Heracleum sosnowskyi",0
2015-12-27,"GB","Heracleum sosnowskyi",0
2015-12-27,"GR","Heracleum sosnowskyi",0
2015-12-27,"HR","Heracleum sosnowskyi",0
2015-12-27,"HU","Heracleum sosnowskyi",0
2015-12-27,"IE","Heracleum sosnowskyi",0
2015-12-27,"IT","Heracleum sosnowskyi",0
2015-12-27,"LT","Heracleum sosnowskyi",0
2015-12-27,"LU","Heracleum sosnowskyi",0
2015-12-27,"LV","Heracleum sosnowskyi",0
2015-12-27,"MT","Heracleum sosnowskyi",0
2015-12-27,"NL","Heracleum sosnowskyi",0
2015-12-27,"PL","Heracleum sosnowskyi",39.7067480492891
2015-12-27,"PT","Heracleum sosnowskyi",0
2015-12-27,"RO","Heracleum sosnowskyi",0
2015-12-27,"SE","Heracleum sosnowskyi",0
2015-12-27,"SI","Heracleum sosnowskyi",0
2015-12-27,"SK","Heracleum sosnowskyi",0
2015-12-27,"AT","Herpestes auropunctatus",0
2015-12-27,"BE","Herpestes auropunctatus",0
2015-12-27,"BG","Herpestes auropunctatus",0
2015-12-27,"CY","Herpestes auropunctatus",0
2015-12-27,"CZ","Herpestes auropunctatus",0
2015-12-27,"DE","Herpestes auropunctatus",0
2015-12-27,"DK","Herpestes auropunctatus",0
2015-12-27,"EE","Herpestes auropunctatus",0
2015-12-27,"ES","Herpestes auropunctatus",0
2015-12-27,"FI","Herpestes auropunctatus",0
2015-12-27,"FR","Herpestes auropunctatus",0
2015-12-27,"GB","Herpestes auropunctatus",0
2015-12-27,"GR","Herpestes auropunctatus",0
2015-12-27,"HR","Herpestes auropunctatus",0
2015-12-27,"HU","Herpestes auropunctatus",0
2015-12-27,"IE","Herpestes auropunctatus",0
2015-12-27,"IT","Herpestes auropunctatus",0
2015-12-27,"LT","Herpestes auropunctatus",0
2015-12-27,"LU","Herpestes auropunctatus",0
2015-12-27,"LV","Herpestes auropunctatus",0
2015-12-27,"MT","Herpestes auropunctatus",0
2015-12-27,"NL","Herpestes auropunctatus",0
2015-12-27,"PL","Herpestes auropunctatus",0
2015-12-27,"PT","Herpestes auropunctatus",0
2015-12-27,"RO","Herpestes auropunctatus",0
2015-12-27,"SE","Herpestes auropunctatus",0
2015-12-27,"SI","Herpestes auropunctatus",0
2015-12-27,"SK","Herpestes auropunctatus",0
2015-12-27,"AT","Humulus scandens",0
2015-12-27,"BE","Humulus scandens",0
2015-12-27,"BG","Humulus scandens",0
2015-12-27,"CY","Humulus scandens",0
2015-12-27,"CZ","Humulus scandens",0
2015-12-27,"DE","Humulus scandens",0
2015-12-27,"DK","Humulus scandens",0
2015-12-27,"EE","Humulus scandens",0
2015-12-27,"ES","Humulus scandens",0
2015-12-27,"FI","Humulus scandens",0
2015-12-27,"FR","Humulus scandens",0
2015-12-27,"GB","Humulus scandens",0
2015-12-27,"GR","Humulus scandens",0
2015-12-27,"HR","Humulus scandens",0
2015-12-27,"HU","Humulus scandens",0
2015-12-27,"IE","Humulus scandens",0
2015-12-27,"IT","Humulus scandens",0
2015-12-27,"LT","Humulus scandens",0
2015-12-27,"LU","Humulus scandens",0
2015-12-27,"LV","Humulus scandens",0
2015-12-27,"MT","Humulus scandens",0
2015-12-27,"NL","Humulus scandens",0
2015-12-27,"PL","Humulus scandens",0
2015-12-27,"PT","Humulus scandens",0
2015-12-27,"RO","Humulus scandens",0
2015-12-27,"SE","Humulus scandens",0
2015-12-27,"SI","Humulus scandens",0
2015-12-27,"SK","Humulus scandens",0
2015-12-27,"AT","Hydrocotyle ranunculoides",0
2015-12-27,"BE","Hydrocotyle ranunculoides",0
2015-12-27,"BG","Hydrocotyle ranunculoides",0
2015-12-27,"CY","Hydrocotyle ranunculoides",0
2015-12-27,"CZ","Hydrocotyle ranunculoides",0
2015-12-27,"DE","Hydrocotyle ranunculoides",0
2015-12-27,"DK","Hydrocotyle ranunculoides",0
2015-12-27,"EE","Hydrocotyle ranunculoides",0
2015-12-27,"ES","Hydrocotyle ranunculoides",0
2015-12-27,"FI","Hydrocotyle ranunculoides",0
2015-12-27,"FR","Hydrocotyle ranunculoides",0
2015-12-27,"GB","Hydrocotyle ranunculoides",0
2015-12-27,"GR","Hydrocotyle ranunculoides",0
2015-12-27,"HR","Hydrocotyle ranunculoides",0
2015-12-27,"HU","Hydrocotyle ranunculoides",0
2015-12-27,"IE","Hydrocotyle ranunculoides",0
2015-12-27,"IT","Hydrocotyle ranunculoides",0
2015-12-27,"LT","Hydrocotyle ranunculoides",0
2015-12-27,"LU","Hydrocotyle ranunculoides",0
2015-12-27,"LV","Hydrocotyle ranunculoides",0
2015-12-27,"MT","Hydrocotyle ranunculoides",0
2015-12-27,"NL","Hydrocotyle ranunculoides",0
2015-12-27,"PL","Hydrocotyle ranunculoides",0
2015-12-27,"PT","Hydrocotyle ranunculoides",0
2015-12-27,"RO","Hydrocotyle ranunculoides",0
2015-12-27,"SE","Hydrocotyle ranunculoides",0
2015-12-27,"SI","Hydrocotyle ranunculoides",0
2015-12-27,"SK","Hydrocotyle ranunculoides",0
2015-12-27,"AT","Impatiens glandulifera",0
2015-12-27,"BE","Impatiens glandulifera",0
2015-12-27,"BG","Impatiens glandulifera",0
2015-12-27,"CY","Impatiens glandulifera",0
2015-12-27,"CZ","Impatiens glandulifera",0
2015-12-27,"DE","Impatiens glandulifera",0
2015-12-27,"DK","Impatiens glandulifera",0
2015-12-27,"EE","Impatiens glandulifera",0
2015-12-27,"ES","Impatiens glandulifera",0
2015-12-27,"FI","Impatiens glandulifera",0
2015-12-27,"FR","Impatiens glandulifera",0
2015-12-27,"GB","Impatiens glandulifera",0
2015-12-27,"GR","Impatiens glandulifera",0
2015-12-27,"HR","Impatiens glandulifera",0
2015-12-27,"HU","Impatiens glandulifera",0
2015-12-27,"IE","Impatiens glandulifera",0
2015-12-27,"IT","Impatiens glandulifera",0
2015-12-27,"LT","Impatiens glandulifera",0
2015-12-27,"LU","Impatiens glandulifera",0
2015-12-27,"LV","Impatiens glandulifera",0
2015-12-27,"MT","Impatiens glandulifera",0
2015-12-27,"NL","Impatiens glandulifera",0
2015-12-27,"PL","Impatiens glandulifera",0
2015-12-27,"PT","Impatiens glandulifera",0
2015-12-27,"RO","Impatiens glandulifera",0
2015-12-27,"SE","Impatiens glandulifera",0
2015-12-27,"SI","Impatiens glandulifera",0
2015-12-27,"SK","Impatiens glandulifera",0
2015-12-27,"AT","Koenigia polystachya",0
2015-12-27,"BE","Koenigia polystachya",0
2015-12-27,"BG","Koenigia polystachya",0
2015-12-27,"CY","Koenigia polystachya",0
2015-12-27,"CZ","Koenigia polystachya",0
2015-12-27,"DE","Koenigia polystachya",0
2015-12-27,"DK","Koenigia polystachya",0
2015-12-27,"EE","Koenigia polystachya",0
2015-12-27,"ES","Koenigia polystachya",0
2015-12-27,"FI","Koenigia polystachya",0
2015-12-27,"FR","Koenigia polystachya",0
2015-12-27,"GB","Koenigia polystachya",0
2015-12-27,"GR","Koenigia polystachya",0
2015-12-27,"HR","Koenigia polystachya",0
2015-12-27,"HU","Koenigia polystachya",0
2015-12-27,"IE","Koenigia polystachya",0
2015-12-27,"IT","Koenigia polystachya",0
2015-12-27,"LT","Koenigia polystachya",0
2015-12-27,"LU","Koenigia polystachya",0
2015-12-27,"LV","Koenigia polystachya",0
2015-12-27,"MT","Koenigia polystachya",0
2015-12-27,"NL","Koenigia polystachya",0
2015-12-27,"PL","Koenigia polystachya",0
2015-12-27,"PT","Koenigia polystachya",0
2015-12-27,"RO","Koenigia polystachya",0
2015-12-27,"SE","Koenigia polystachya",0
2015-12-27,"SI","Koenigia polystachya",0
2015-12-27,"SK","Koenigia polystachya",0
2015-12-27,"AT","Lagarosiphon major",0
2015-12-27,"BE","Lagarosiphon major",0
2015-12-27,"BG","Lagarosiphon major",0
2015-12-27,"CY","Lagarosiphon major",0
2015-12-27,"CZ","Lagarosiphon major",0
2015-12-27,"DE","Lagarosiphon major",0
2015-12-27,"DK","Lagarosiphon major",0
2015-12-27,"EE","Lagarosiphon major",0
2015-12-27,"ES","Lagarosiphon major",0
2015-12-27,"FI","Lagarosiphon major",0
2015-12-27,"FR","Lagarosiphon major",0
2015-12-27,"GB","Lagarosiphon major",0
2015-12-27,"GR","Lagarosiphon major",0
2015-12-27,"HR","Lagarosiphon major",0
2015-12-27,"HU","Lagarosiphon major",0
2015-12-27,"IE","Lagarosiphon major",0
2015-12-27,"IT","Lagarosiphon major",0
2015-12-27,"LT","Lagarosiphon major",0
2015-12-27,"LU","Lagarosiphon major",0
2015-12-27,"LV","Lagarosiphon major",0
2015-12-27,"MT","Lagarosiphon major",0
2015-12-27,"NL","Lagarosiphon major",0
2015-12-27,"PL","Lagarosiphon major",0
2015-12-27,"PT","Lagarosiphon major",0
2015-12-27,"RO","Lagarosiphon major",0
2015-12-27,"SE","Lagarosiphon major",0
2015-12-27,"SI","Lagarosiphon major",0
2015-12-27,"SK","Lagarosiphon major",0
2015-12-27,"AT","Lampropeltis getula",0
2015-12-27,"BE","Lampropeltis getula",0
2015-12-27,"BG","Lampropeltis getula",0
2015-12-27,"CY","Lampropeltis getula",0
2015-12-27,"CZ","Lampropeltis getula",0
2015-12-27,"DE","Lampropeltis getula",0
2015-12-27,"DK","Lampropeltis getula",0
2015-12-27,"EE","Lampropeltis getula",0
2015-12-27,"ES","Lampropeltis getula",0
2015-12-27,"FI","Lampropeltis getula",0
2015-12-27,"FR","Lampropeltis getula",0
2015-12-27,"GB","Lampropeltis getula",0
2015-12-27,"GR","Lampropeltis getula",0
2015-12-27,"HR","Lampropeltis getula",0
2015-12-27,"HU","Lampropeltis getula",0
2015-12-27,"IE","Lampropeltis getula",0
2015-12-27,"IT","Lampropeltis getula",0
2015-12-27,"LT","Lampropeltis getula",0
2015-12-27,"LU","Lampropeltis getula",0
2015-12-27,"LV","Lampropeltis getula",0
2015-12-27,"MT","Lampropeltis getula",0
2015-12-27,"NL","Lampropeltis getula",0
2015-12-27,"PL","Lampropeltis getula",0
2015-12-27,"PT","Lampropeltis getula",0
2015-12-27,"RO","Lampropeltis getula",0
2015-12-27,"SE","Lampropeltis getula",0
2015-12-27,"SI","Lampropeltis getula",0
2015-12-27,"SK","Lampropeltis getula",0
2015-12-27,"AT","Lepomis gibbosus",0
2015-12-27,"BE","Lepomis gibbosus",0
2015-12-27,"BG","Lepomis gibbosus",0
2015-12-27,"CY","Lepomis gibbosus",0
2015-12-27,"CZ","Lepomis gibbosus",0
2015-12-27,"DE","Lepomis gibbosus",0
2015-12-27,"DK","Lepomis gibbosus",0
2015-12-27,"EE","Lepomis gibbosus",0
2015-12-27,"ES","Lepomis gibbosus",0
2015-12-27,"FI","Lepomis gibbosus",0
2015-12-27,"FR","Lepomis gibbosus",10.1784456186895
2015-12-27,"GB","Lepomis gibbosus",0
2015-12-27,"GR","Lepomis gibbosus",0
2015-12-27,"HR","Lepomis gibbosus",0
2015-12-27,"HU","Lepomis gibbosus",0
2015-12-27,"IE","Lepomis gibbosus",0
2015-12-27,"IT","Lepomis gibbosus",0
2015-12-27,"LT","Lepomis gibbosus",0
2015-12-27,"LU","Lepomis gibbosus",0
2015-12-27,"LV","Lepomis gibbosus",0
2015-12-27,"MT","Lepomis gibbosus",0
2015-12-27,"NL","Lepomis gibbosus",0
2015-12-27,"PL","Lepomis gibbosus",0
2015-12-27,"PT","Lepomis gibbosus",0
2015-12-27,"RO","Lepomis gibbosus",0
2015-12-27,"SE","Lepomis gibbosus",0
2015-12-27,"SI","Lepomis gibbosus",0
2015-12-27,"SK","Lepomis gibbosus",0
2015-12-27,"AT","Lespedeza cuneata",0
2015-12-27,"BE","Lespedeza cuneata",0
2015-12-27,"BG","Lespedeza cuneata",0
2015-12-27,"CY","Lespedeza cuneata",0
2015-12-27,"CZ","Lespedeza cuneata",0
2015-12-27,"DE","Lespedeza cuneata",0
2015-12-27,"DK","Lespedeza cuneata",0
2015-12-27,"EE","Lespedeza cuneata",0
2015-12-27,"ES","Lespedeza cuneata",0
2015-12-27,"FI","Lespedeza cuneata",127.307433031791
2015-12-27,"FR","Lespedeza cuneata",0
2015-12-27,"GB","Lespedeza cuneata",0
2015-12-27,"GR","Lespedeza cuneata",0
2015-12-27,"HR","Lespedeza cuneata",0
2015-12-27,"HU","Lespedeza cuneata",0
2015-12-27,"IE","Lespedeza cuneata",0
2015-12-27,"IT","Lespedeza cuneata",0
2015-12-27,"LT","Lespedeza cuneata",0
2015-12-27,"LU","Lespedeza cuneata",0
2015-12-27,"LV","Lespedeza cuneata",0
2015-12-27,"MT","Lespedeza cuneata",0
2015-12-27,"NL","Lespedeza cuneata",0
2015-12-27,"PL","Lespedeza cuneata",0
2015-12-27,"PT","Lespedeza cuneata",0
2015-12-27,"RO","Lespedeza cuneata",0
2015-12-27,"SE","Lespedeza cuneata",0
2015-12-27,"SI","Lespedeza cuneata",0
2015-12-27,"SK","Lespedeza cuneata",0
2015-12-27,"AT","Limnoperna fortunei",0
2015-12-27,"BE","Limnoperna fortunei",0
2015-12-27,"BG","Limnoperna fortunei",0
2015-12-27,"CY","Limnoperna fortunei",0
2015-12-27,"CZ","Limnoperna fortunei",0
2015-12-27,"DE","Limnoperna fortunei",0
2015-12-27,"DK","Limnoperna fortunei",0
2015-12-27,"EE","Limnoperna fortunei",0
2015-12-27,"ES","Limnoperna fortunei",0
2015-12-27,"FI","Limnoperna fortunei",0
2015-12-27,"FR","Limnoperna fortunei",0
2015-12-27,"GB","Limnoperna fortunei",0
2015-12-27,"GR","Limnoperna fortunei",0
2015-12-27,"HR","Limnoperna fortunei",0
2015-12-27,"HU","Limnoperna fortunei",0
2015-12-27,"IE","Limnoperna fortunei",0
2015-12-27,"IT","Limnoperna fortunei",0
2015-12-27,"LT","Limnoperna fortunei",0
2015-12-27,"LU","Limnoperna fortunei",0
2015-12-27,"LV","Limnoperna fortunei",0
2015-12-27,"MT","Limnoperna fortunei",0
2015-12-27,"NL","Limnoperna fortunei",0
2015-12-27,"PL","Limnoperna fortunei",0
2015-12-27,"PT","Limnoperna fortunei",0
2015-12-27,"RO","Limnoperna fortunei",0
2015-12-27,"SE","Limnoperna fortunei",0
2015-12-27,"SI","Limnoperna fortunei",0
2015-12-27,"SK","Limnoperna fortunei",0
2015-12-27,"AT","Lithobates catesbeianus",0
2015-12-27,"BE","Lithobates catesbeianus",0
2015-12-27,"BG","Lithobates catesbeianus",0
2015-12-27,"CY","Lithobates catesbeianus",0
2015-12-27,"CZ","Lithobates catesbeianus",0
2015-12-27,"DE","Lithobates catesbeianus",16.8235130262848
2015-12-27,"DK","Lithobates catesbeianus",0
2015-12-27,"EE","Lithobates catesbeianus",0
2015-12-27,"ES","Lithobates catesbeianus",0
2015-12-27,"FI","Lithobates catesbeianus",0
2015-12-27,"FR","Lithobates catesbeianus",10.6329149823392
2015-12-27,"GB","Lithobates catesbeianus",15.520772129353
2015-12-27,"GR","Lithobates catesbeianus",0
2015-12-27,"HR","Lithobates catesbeianus",0
2015-12-27,"HU","Lithobates catesbeianus",0
2015-12-27,"IE","Lithobates catesbeianus",0
2015-12-27,"IT","Lithobates catesbeianus",31.1785896491967
2015-12-27,"LT","Lithobates catesbeianus",0
2015-12-27,"LU","Lithobates catesbeianus",0
2015-12-27,"LV","Lithobates catesbeianus",0
2015-12-27,"MT","Lithobates catesbeianus",0
2015-12-27,"NL","Lithobates catesbeianus",0
2015-12-27,"PL","Lithobates catesbeianus",0
2015-12-27,"PT","Lithobates catesbeianus",0
2015-12-27,"RO","Lithobates catesbeianus",0
2015-12-27,"SE","Lithobates catesbeianus",0
2015-12-27,"SI","Lithobates catesbeianus",0
2015-12-27,"SK","Lithobates catesbeianus",0
2015-12-27,"AT","Ludwigia grandiflora",0
2015-12-27,"BE","Ludwigia grandiflora",0
2015-12-27,"BG","Ludwigia grandiflora",0
2015-12-27,"CY","Ludwigia grandiflora",0
2015-12-27,"CZ","Ludwigia grandiflora",0
2015-12-27,"DE","Ludwigia grandiflora",0
2015-12-27,"DK","Ludwigia grandiflora",0
2015-12-27,"EE","Ludwigia grandiflora",0
2015-12-27,"ES","Ludwigia grandiflora",0
2015-12-27,"FI","Ludwigia grandiflora",0
2015-12-27,"FR","Ludwigia grandiflora",0
2015-12-27,"GB","Ludwigia grandiflora",0
2015-12-27,"GR","Ludwigia grandiflora",0
2015-12-27,"HR","Ludwigia grandiflora",0
2015-12-27,"HU","Ludwigia grandiflora",0
2015-12-27,"IE","Ludwigia grandiflora",0
2015-12-27,"IT","Ludwigia grandiflora",0
2015-12-27,"LT","Ludwigia grandiflora",0
2015-12-27,"LU","Ludwigia grandiflora",0
2015-12-27,"LV","Ludwigia grandiflora",0
2015-12-27,"MT","Ludwigia grandiflora",0
2015-12-27,"NL","Ludwigia grandiflora",0
2015-12-27,"PL","Ludwigia grandiflora",0
2015-12-27,"PT","Ludwigia grandiflora",0
2015-12-27,"RO","Ludwigia grandiflora",0
2015-12-27,"SE","Ludwigia grandiflora",0
2015-12-27,"SI","Ludwigia grandiflora",0
2015-12-27,"SK","Ludwigia grandiflora",0
2015-12-27,"AT","Ludwigia peploides",0
2015-12-27,"BE","Ludwigia peploides",0
2015-12-27,"BG","Ludwigia peploides",0
2015-12-27,"CY","Ludwigia peploides",0
2015-12-27,"CZ","Ludwigia peploides",0
2015-12-27,"DE","Ludwigia peploides",0
2015-12-27,"DK","Ludwigia peploides",0
2015-12-27,"EE","Ludwigia peploides",0
2015-12-27,"ES","Ludwigia peploides",0
2015-12-27,"FI","Ludwigia peploides",0
2015-12-27,"FR","Ludwigia peploides",0
2015-12-27,"GB","Ludwigia peploides",0
2015-12-27,"GR","Ludwigia peploides",0
2015-12-27,"HR","Ludwigia peploides",0
2015-12-27,"HU","Ludwigia peploides",0
2015-12-27,"IE","Ludwigia peploides",0
2015-12-27,"IT","Ludwigia peploides",0
2015-12-27,"LT","Ludwigia peploides",0
2015-12-27,"LU","Ludwigia peploides",0
2015-12-27,"LV","Ludwigia peploides",0
2015-12-27,"MT","Ludwigia peploides",0
2015-12-27,"NL","Ludwigia peploides",0
2015-12-27,"PL","Ludwigia peploides",0
2015-12-27,"PT","Ludwigia peploides",0
2015-12-27,"RO","Ludwigia peploides",0
2015-12-27,"SE","Ludwigia peploides",0
2015-12-27,"SI","Ludwigia peploides",0
2015-12-27,"SK","Ludwigia peploides",0
2015-12-27,"AT","Lygodium japonicum",0
2015-12-27,"BE","Lygodium japonicum",0
2015-12-27,"BG","Lygodium japonicum",0
2015-12-27,"CY","Lygodium japonicum",0
2015-12-27,"CZ","Lygodium japonicum",0
2015-12-27,"DE","Lygodium japonicum",0
2015-12-27,"DK","Lygodium japonicum",0
2015-12-27,"EE","Lygodium japonicum",0
2015-12-27,"ES","Lygodium japonicum",0
2015-12-27,"FI","Lygodium japonicum",0
2015-12-27,"FR","Lygodium japonicum",0
2015-12-27,"GB","Lygodium japonicum",0
2015-12-27,"GR","Lygodium japonicum",0
2015-12-27,"HR","Lygodium japonicum",0
2015-12-27,"HU","Lygodium japonicum",0
2015-12-27,"IE","Lygodium japonicum",0
2015-12-27,"IT","Lygodium japonicum",0
2015-12-27,"LT","Lygodium japonicum",0
2015-12-27,"LU","Lygodium japonicum",0
2015-12-27,"LV","Lygodium japonicum",0
2015-12-27,"MT","Lygodium japonicum",0
2015-12-27,"NL","Lygodium japonicum",0
2015-12-27,"PL","Lygodium japonicum",0
2015-12-27,"PT","Lygodium japonicum",0
2015-12-27,"RO","Lygodium japonicum",0
2015-12-27,"SE","Lygodium japonicum",0
2015-12-27,"SI","Lygodium japonicum",0
2015-12-27,"SK","Lygodium japonicum",0
2015-12-27,"AT","Lysichiton americanus",0
2015-12-27,"BE","Lysichiton americanus",0
2015-12-27,"BG","Lysichiton americanus",0
2015-12-27,"CY","Lysichiton americanus",0
2015-12-27,"CZ","Lysichiton americanus",0
2015-12-27,"DE","Lysichiton americanus",0
2015-12-27,"DK","Lysichiton americanus",0
2015-12-27,"EE","Lysichiton americanus",0
2015-12-27,"ES","Lysichiton americanus",0
2015-12-27,"FI","Lysichiton americanus",0
2015-12-27,"FR","Lysichiton americanus",0
2015-12-27,"GB","Lysichiton americanus",0
2015-12-27,"GR","Lysichiton americanus",0
2015-12-27,"HR","Lysichiton americanus",0
2015-12-27,"HU","Lysichiton americanus",0
2015-12-27,"IE","Lysichiton americanus",0
2015-12-27,"IT","Lysichiton americanus",0
2015-12-27,"LT","Lysichiton americanus",0
2015-12-27,"LU","Lysichiton americanus",0
2015-12-27,"LV","Lysichiton americanus",0
2015-12-27,"MT","Lysichiton americanus",0
2015-12-27,"NL","Lysichiton americanus",0
2015-12-27,"PL","Lysichiton americanus",0
2015-12-27,"PT","Lysichiton americanus",0
2015-12-27,"RO","Lysichiton americanus",0
2015-12-27,"SE","Lysichiton americanus",0
2015-12-27,"SI","Lysichiton americanus",0
2015-12-27,"SK","Lysichiton americanus",0
2015-12-27,"AT","Microstegium vimineum",0
2015-12-27,"BE","Microstegium vimineum",0
2015-12-27,"BG","Microstegium vimineum",0
2015-12-27,"CY","Microstegium vimineum",0
2015-12-27,"CZ","Microstegium vimineum",0
2015-12-27,"DE","Microstegium vimineum",0
2015-12-27,"DK","Microstegium vimineum",0
2015-12-27,"EE","Microstegium vimineum",0
2015-12-27,"ES","Microstegium vimineum",0
2015-12-27,"FI","Microstegium vimineum",0
2015-12-27,"FR","Microstegium vimineum",0
2015-12-27,"GB","Microstegium vimineum",0
2015-12-27,"GR","Microstegium vimineum",0
2015-12-27,"HR","Microstegium vimineum",0
2015-12-27,"HU","Microstegium vimineum",0
2015-12-27,"IE","Microstegium vimineum",0
2015-12-27,"IT","Microstegium vimineum",0
2015-12-27,"LT","Microstegium vimineum",0
2015-12-27,"LU","Microstegium vimineum",0
2015-12-27,"LV","Microstegium vimineum",0
2015-12-27,"MT","Microstegium vimineum",0
2015-12-27,"NL","Microstegium vimineum",0
2015-12-27,"PL","Microstegium vimineum",0
2015-12-27,"PT","Microstegium vimineum",0
2015-12-27,"RO","Microstegium vimineum",0
2015-12-27,"SE","Microstegium vimineum",0
2015-12-27,"SI","Microstegium vimineum",0
2015-12-27,"SK","Microstegium vimineum",0
2015-12-27,"AT","Morone americana",0
2015-12-27,"BE","Morone americana",0
2015-12-27,"BG","Morone americana",0
2015-12-27,"CY","Morone americana",0
2015-12-27,"CZ","Morone americana",0
2015-12-27,"DE","Morone americana",0
2015-12-27,"DK","Morone americana",0
2015-12-27,"EE","Morone americana",0
2015-12-27,"ES","Morone americana",0
2015-12-27,"FI","Morone americana",0
2015-12-27,"FR","Morone americana",0
2015-12-27,"GB","Morone americana",0
2015-12-27,"GR","Morone americana",0
2015-12-27,"HR","Morone americana",0
2015-12-27,"HU","Morone americana",0
2015-12-27,"IE","Morone americana",0
2015-12-27,"IT","Morone americana",0
2015-12-27,"LT","Morone americana",0
2015-12-27,"LU","Morone americana",0
2015-12-27,"LV","Morone americana",0
2015-12-27,"MT","Morone americana",0
2015-12-27,"NL","Morone americana",0
2015-12-27,"PL","Morone americana",0
2015-12-27,"PT","Morone americana",0
2015-12-27,"RO","Morone americana",0
2015-12-27,"SE","Morone americana",0
2015-12-27,"SI","Morone americana",0
2015-12-27,"SK","Morone americana",0
2015-12-27,"AT","Muntiacus reevesi",0
2015-12-27,"BE","Muntiacus reevesi",0
2015-12-27,"BG","Muntiacus reevesi",0
2015-12-27,"CY","Muntiacus reevesi",0
2015-12-27,"CZ","Muntiacus reevesi",0
2015-12-27,"DE","Muntiacus reevesi",0
2015-12-27,"DK","Muntiacus reevesi",0
2015-12-27,"EE","Muntiacus reevesi",0
2015-12-27,"ES","Muntiacus reevesi",0
2015-12-27,"FI","Muntiacus reevesi",0
2015-12-27,"FR","Muntiacus reevesi",0
2015-12-27,"GB","Muntiacus reevesi",0
2015-12-27,"GR","Muntiacus reevesi",0
2015-12-27,"HR","Muntiacus reevesi",0
2015-12-27,"HU","Muntiacus reevesi",0
2015-12-27,"IE","Muntiacus reevesi",0
2015-12-27,"IT","Muntiacus reevesi",0
2015-12-27,"LT","Muntiacus reevesi",0
2015-12-27,"LU","Muntiacus reevesi",0
2015-12-27,"LV","Muntiacus reevesi",0
2015-12-27,"MT","Muntiacus reevesi",0
2015-12-27,"NL","Muntiacus reevesi",0
2015-12-27,"PL","Muntiacus reevesi",0
2015-12-27,"PT","Muntiacus reevesi",0
2015-12-27,"RO","Muntiacus reevesi",0
2015-12-27,"SE","Muntiacus reevesi",0
2015-12-27,"SI","Muntiacus reevesi",0
2015-12-27,"SK","Muntiacus reevesi",0
2015-12-27,"AT","Myocastor coypus",0
2015-12-27,"BE","Myocastor coypus",0
2015-12-27,"BG","Myocastor coypus",0
2015-12-27,"CY","Myocastor coypus",0
2015-12-27,"CZ","Myocastor coypus",333.139846736212
2015-12-27,"DE","Myocastor coypus",94.0420810419286
2015-12-27,"DK","Myocastor coypus",0
2015-12-27,"EE","Myocastor coypus",0
2015-12-27,"ES","Myocastor coypus",118.921532734555
2015-12-27,"FI","Myocastor coypus",0
2015-12-27,"FR","Myocastor coypus",151.233893937781
2015-12-27,"GB","Myocastor coypus",23.8412528350018
2015-12-27,"GR","Myocastor coypus",0
2015-12-27,"HR","Myocastor coypus",0
2015-12-27,"HU","Myocastor coypus",0
2015-12-27,"IE","Myocastor coypus",0
2015-12-27,"IT","Myocastor coypus",361.898008623167
2015-12-27,"LT","Myocastor coypus",0
2015-12-27,"LU","Myocastor coypus",0
2015-12-27,"LV","Myocastor coypus",0
2015-12-27,"MT","Myocastor coypus",0
2015-12-27,"NL","Myocastor coypus",0
2015-12-27,"PL","Myocastor coypus",112.467800976661
2015-12-27,"PT","Myocastor coypus",0
2015-12-27,"RO","Myocastor coypus",0
2015-12-27,"SE","Myocastor coypus",0
2015-12-27,"SI","Myocastor coypus",0
2015-12-27,"SK","Myocastor coypus",0
2015-12-27,"AT","Myriophyllum aquaticum",0
2015-12-27,"BE","Myriophyllum aquaticum",0
2015-12-27,"BG","Myriophyllum aquaticum",0
2015-12-27,"CY","Myriophyllum aquaticum",0
2015-12-27,"CZ","Myriophyllum aquaticum",0
2015-12-27,"DE","Myriophyllum aquaticum",0
2015-12-27,"DK","Myriophyllum aquaticum",0
2015-12-27,"EE","Myriophyllum aquaticum",0
2015-12-27,"ES","Myriophyllum aquaticum",0
2015-12-27,"FI","Myriophyllum aquaticum",0
2015-12-27,"FR","Myriophyllum aquaticum",0
2015-12-27,"GB","Myriophyllum aquaticum",0
2015-12-27,"GR","Myriophyllum aquaticum",0
2015-12-27,"HR","Myriophyllum aquaticum",0
2015-12-27,"HU","Myriophyllum aquaticum",0
2015-12-27,"IE","Myriophyllum aquaticum",0
2015-12-27,"IT","Myriophyllum aquaticum",0
2015-12-27,"LT","Myriophyllum aquaticum",0
2015-12-27,"LU","Myriophyllum aquaticum",0
2015-12-27,"LV","Myriophyllum aquaticum",0
2015-12-27,"MT","Myriophyllum aquaticum",0
2015-12-27,"NL","Myriophyllum aquaticum",0
2015-12-27,"PL","Myriophyllum aquaticum",0
2015-12-27,"PT","Myriophyllum aquaticum",0
2015-12-27,"RO","Myriophyllum aquaticum",0
2015-12-27,"SE","Myriophyllum aquaticum",0
2015-12-27,"SI","Myriophyllum aquaticum",0
2015-12-27,"SK","Myriophyllum aquaticum",0
2015-12-27,"AT","Myriophyllum heterophyllum",0
2015-12-27,"BE","Myriophyllum heterophyllum",0
2015-12-27,"BG","Myriophyllum heterophyllum",0
2015-12-27,"CY","Myriophyllum heterophyllum",0
2015-12-27,"CZ","Myriophyllum heterophyllum",0
2015-12-27,"DE","Myriophyllum heterophyllum",0
2015-12-27,"DK","Myriophyllum heterophyllum",0
2015-12-27,"EE","Myriophyllum heterophyllum",0
2015-12-27,"ES","Myriophyllum heterophyllum",0
2015-12-27,"FI","Myriophyllum heterophyllum",0
2015-12-27,"FR","Myriophyllum heterophyllum",0
2015-12-27,"GB","Myriophyllum heterophyllum",0
2015-12-27,"GR","Myriophyllum heterophyllum",0
2015-12-27,"HR","Myriophyllum heterophyllum",0
2015-12-27,"HU","Myriophyllum heterophyllum",0
2015-12-27,"IE","Myriophyllum heterophyllum",0
2015-12-27,"IT","Myriophyllum heterophyllum",0
2015-12-27,"LT","Myriophyllum heterophyllum",0
2015-12-27,"LU","Myriophyllum heterophyllum",0
2015-12-27,"LV","Myriophyllum heterophyllum",0
2015-12-27,"MT","Myriophyllum heterophyllum",0
2015-12-27,"NL","Myriophyllum heterophyllum",0
2015-12-27,"PL","Myriophyllum heterophyllum",0
2015-12-27,"PT","Myriophyllum heterophyllum",0
2015-12-27,"RO","Myriophyllum heterophyllum",0
2015-12-27,"SE","Myriophyllum heterophyllum",0
2015-12-27,"SI","Myriophyllum heterophyllum",0
2015-12-27,"SK","Myriophyllum heterophyllum",0
2015-12-27,"AT","Nasua nasua",0
2015-12-27,"BE","Nasua nasua",0
2015-12-27,"BG","Nasua nasua",0
2015-12-27,"CY","Nasua nasua",0
2015-12-27,"CZ","Nasua nasua",0
2015-12-27,"DE","Nasua nasua",43.2817321488283
2015-12-27,"DK","Nasua nasua",0
2015-12-27,"EE","Nasua nasua",0
2015-12-27,"ES","Nasua nasua",20.482668065524
2015-12-27,"FI","Nasua nasua",0
2015-12-27,"FR","Nasua nasua",0
2015-12-27,"GB","Nasua nasua",0
2015-12-27,"GR","Nasua nasua",0
2015-12-27,"HR","Nasua nasua",0
2015-12-27,"HU","Nasua nasua",0
2015-12-27,"IE","Nasua nasua",0
2015-12-27,"IT","Nasua nasua",27.8589156303907
2015-12-27,"LT","Nasua nasua",0
2015-12-27,"LU","Nasua nasua",0
2015-12-27,"LV","Nasua nasua",0
2015-12-27,"MT","Nasua nasua",0
2015-12-27,"NL","Nasua nasua",30.3737047225189
2015-12-27,"PL","Nasua nasua",0
2015-12-27,"PT","Nasua nasua",0
2015-12-27,"RO","Nasua nasua",0
2015-12-27,"SE","Nasua nasua",0
2015-12-27,"SI","Nasua nasua",0
2015-12-27,"SK","Nasua nasua",0
2015-12-27,"AT","Nyctereutes procyonoides",0
2015-12-27,"BE","Nyctereutes procyonoides",0
2015-12-27,"BG","Nyctereutes procyonoides",0
2015-12-27,"CY","Nyctereutes procyonoides",0
2015-12-27,"CZ","Nyctereutes procyonoides",0
2015-12-27,"DE","Nyctereutes procyonoides",83.9916962257135
2015-12-27,"DK","Nyctereutes procyonoides",0
2015-12-27,"EE","Nyctereutes procyonoides",0
2015-12-27,"ES","Nyctereutes procyonoides",0
2015-12-27,"FI","Nyctereutes procyonoides",332.307381570587
2015-12-27,"FR","Nyctereutes procyonoides",15.3824327246308
2015-12-27,"GB","Nyctereutes procyonoides",13.2516088534229
2015-12-27,"GR","Nyctereutes procyonoides",0
2015-12-27,"HR","Nyctereutes procyonoides",0
2015-12-27,"HU","Nyctereutes procyonoides",0
2015-12-27,"IE","Nyctereutes procyonoides",0
2015-12-27,"IT","Nyctereutes procyonoides",0
2015-12-27,"LT","Nyctereutes procyonoides",0
2015-12-27,"LU","Nyctereutes procyonoides",0
2015-12-27,"LV","Nyctereutes procyonoides",0
2015-12-27,"MT","Nyctereutes procyonoides",0
2015-12-27,"NL","Nyctereutes procyonoides",0
2015-12-27,"PL","Nyctereutes procyonoides",208.300334205366
2015-12-27,"PT","Nyctereutes procyonoides",0
2015-12-27,"RO","Nyctereutes procyonoides",0
2015-12-27,"SE","Nyctereutes procyonoides",84.7685611314187
2015-12-27,"SI","Nyctereutes procyonoides",0
2015-12-27,"SK","Nyctereutes procyonoides",0
2015-12-27,"AT","Ondatra zibethicus",0
2015-12-27,"BE","Ondatra zibethicus",0
2015-12-27,"BG","Ondatra zibethicus",0
2015-12-27,"CY","Ondatra zibethicus",0
2015-12-27,"CZ","Ondatra zibethicus",138.87963776741
2015-12-27,"DE","Ondatra zibethicus",44.5077893281888
2015-12-27,"DK","Ondatra zibethicus",0
2015-12-27,"EE","Ondatra zibethicus",0
2015-12-27,"ES","Ondatra zibethicus",0
2015-12-27,"FI","Ondatra zibethicus",0
2015-12-27,"FR","Ondatra zibethicus",35.0802976016347
2015-12-27,"GB","Ondatra zibethicus",9.42607729575891
2015-12-27,"GR","Ondatra zibethicus",0
2015-12-27,"HR","Ondatra zibethicus",0
2015-12-27,"HU","Ondatra zibethicus",0
2015-12-27,"IE","Ondatra zibethicus",0
2015-12-27,"IT","Ondatra zibethicus",0
2015-12-27,"LT","Ondatra zibethicus",0
2015-12-27,"LU","Ondatra zibethicus",0
2015-12-27,"LV","Ondatra zibethicus",0
2015-12-27,"MT","Ondatra zibethicus",0
2015-12-27,"NL","Ondatra zibethicus",40.2682171401343
2015-12-27,"PL","Ondatra zibethicus",46.4229720277609
2015-12-27,"PT","Ondatra zibethicus",0
2015-12-27,"RO","Ondatra zibethicus",0
2015-12-27,"SE","Ondatra zibethicus",0
2015-12-27,"SI","Ondatra zibethicus",0
2015-12-27,"SK","Ondatra zibethicus",0
2015-12-27,"AT","Oxyura jamaicensis",0
2015-12-27,"BE","Oxyura jamaicensis",0
2015-12-27,"BG","Oxyura jamaicensis",0
2015-12-27,"CY","Oxyura jamaicensis",0
2015-12-27,"CZ","Oxyura jamaicensis",0
2015-12-27,"DE","Oxyura jamaicensis",0
2015-12-27,"DK","Oxyura jamaicensis",0
2015-12-27,"EE","Oxyura jamaicensis",0
2015-12-27,"ES","Oxyura jamaicensis",0
2015-12-27,"FI","Oxyura jamaicensis",0
2015-12-27,"FR","Oxyura jamaicensis",0
2015-12-27,"GB","Oxyura jamaicensis",0
2015-12-27,"GR","Oxyura jamaicensis",0
2015-12-27,"HR","Oxyura jamaicensis",0
2015-12-27,"HU","Oxyura jamaicensis",0
2015-12-27,"IE","Oxyura jamaicensis",0
2015-12-27,"IT","Oxyura jamaicensis",0
2015-12-27,"LT","Oxyura jamaicensis",0
2015-12-27,"LU","Oxyura jamaicensis",0
2015-12-27,"LV","Oxyura jamaicensis",0
2015-12-27,"MT","Oxyura jamaicensis",0
2015-12-27,"NL","Oxyura jamaicensis",0
2015-12-27,"PL","Oxyura jamaicensis",0
2015-12-27,"PT","Oxyura jamaicensis",0
2015-12-27,"RO","Oxyura jamaicensis",0
2015-12-27,"SE","Oxyura jamaicensis",0
2015-12-27,"SI","Oxyura jamaicensis",0
2015-12-27,"SK","Oxyura jamaicensis",0
2015-12-27,"AT","Pacifastacus leniusculus",0
2015-12-27,"BE","Pacifastacus leniusculus",0
2015-12-27,"BG","Pacifastacus leniusculus",0
2015-12-27,"CY","Pacifastacus leniusculus",0
2015-12-27,"CZ","Pacifastacus leniusculus",0
2015-12-27,"DE","Pacifastacus leniusculus",0
2015-12-27,"DK","Pacifastacus leniusculus",0
2015-12-27,"EE","Pacifastacus leniusculus",0
2015-12-27,"ES","Pacifastacus leniusculus",0
2015-12-27,"FI","Pacifastacus leniusculus",0
2015-12-27,"FR","Pacifastacus leniusculus",0
2015-12-27,"GB","Pacifastacus leniusculus",0
2015-12-27,"GR","Pacifastacus leniusculus",0
2015-12-27,"HR","Pacifastacus leniusculus",0
2015-12-27,"HU","Pacifastacus leniusculus",0
2015-12-27,"IE","Pacifastacus leniusculus",0
2015-12-27,"IT","Pacifastacus leniusculus",0
2015-12-27,"LT","Pacifastacus leniusculus",0
2015-12-27,"LU","Pacifastacus leniusculus",0
2015-12-27,"LV","Pacifastacus leniusculus",0
2015-12-27,"MT","Pacifastacus leniusculus",0
2015-12-27,"NL","Pacifastacus leniusculus",0
2015-12-27,"PL","Pacifastacus leniusculus",0
2015-12-27,"PT","Pacifastacus leniusculus",0
2015-12-27,"RO","Pacifastacus leniusculus",0
2015-12-27,"SE","Pacifastacus leniusculus",0
2015-12-27,"SI","Pacifastacus leniusculus",0
2015-12-27,"SK","Pacifastacus leniusculus",0
2015-12-27,"AT","Parthenium hysterophorus",0
2015-12-27,"BE","Parthenium hysterophorus",0
2015-12-27,"BG","Parthenium hysterophorus",0
2015-12-27,"CY","Parthenium hysterophorus",0
2015-12-27,"CZ","Parthenium hysterophorus",0
2015-12-27,"DE","Parthenium hysterophorus",0
2015-12-27,"DK","Parthenium hysterophorus",0
2015-12-27,"EE","Parthenium hysterophorus",0
2015-12-27,"ES","Parthenium hysterophorus",0
2015-12-27,"FI","Parthenium hysterophorus",0
2015-12-27,"FR","Parthenium hysterophorus",0
2015-12-27,"GB","Parthenium hysterophorus",0
2015-12-27,"GR","Parthenium hysterophorus",0
2015-12-27,"HR","Parthenium hysterophorus",0
2015-12-27,"HU","Parthenium hysterophorus",0
2015-12-27,"IE","Parthenium hysterophorus",0
2015-12-27,"IT","Parthenium hysterophorus",0
2015-12-27,"LT","Parthenium hysterophorus",0
2015-12-27,"LU","Parthenium hysterophorus",0
2015-12-27,"LV","Parthenium hysterophorus",0
2015-12-27,"MT","Parthenium hysterophorus",0
2015-12-27,"NL","Parthenium hysterophorus",0
2015-12-27,"PL","Parthenium hysterophorus",0
2015-12-27,"PT","Parthenium hysterophorus",0
2015-12-27,"RO","Parthenium hysterophorus",0
2015-12-27,"SE","Parthenium hysterophorus",0
2015-12-27,"SI","Parthenium hysterophorus",0
2015-12-27,"SK","Parthenium hysterophorus",0
2015-12-27,"AT","Pennisetum setaceum",0
2015-12-27,"BE","Pennisetum setaceum",0
2015-12-27,"BG","Pennisetum setaceum",0
2015-12-27,"CY","Pennisetum setaceum",0
2015-12-27,"CZ","Pennisetum setaceum",0
2015-12-27,"DE","Pennisetum setaceum",0
2015-12-27,"DK","Pennisetum setaceum",0
2015-12-27,"EE","Pennisetum setaceum",0
2015-12-27,"ES","Pennisetum setaceum",0
2015-12-27,"FI","Pennisetum setaceum",0
2015-12-27,"FR","Pennisetum setaceum",0
2015-12-27,"GB","Pennisetum setaceum",0
2015-12-27,"GR","Pennisetum setaceum",0
2015-12-27,"HR","Pennisetum setaceum",0
2015-12-27,"HU","Pennisetum setaceum",0
2015-12-27,"IE","Pennisetum setaceum",0
2015-12-27,"IT","Pennisetum setaceum",0
2015-12-27,"LT","Pennisetum setaceum",0
2015-12-27,"LU","Pennisetum setaceum",0
2015-12-27,"LV","Pennisetum setaceum",0
2015-12-27,"MT","Pennisetum setaceum",0
2015-12-27,"NL","Pennisetum setaceum",0
2015-12-27,"PL","Pennisetum setaceum",0
2015-12-27,"PT","Pennisetum setaceum",0
2015-12-27,"RO","Pennisetum setaceum",0
2015-12-27,"SE","Pennisetum setaceum",0
2015-12-27,"SI","Pennisetum setaceum",0
2015-12-27,"SK","Pennisetum setaceum",0
2015-12-27,"AT","Perccottus glenii",0
2015-12-27,"BE","Perccottus glenii",0
2015-12-27,"BG","Perccottus glenii",0
2015-12-27,"CY","Perccottus glenii",0
2015-12-27,"CZ","Perccottus glenii",0
2015-12-27,"DE","Perccottus glenii",0
2015-12-27,"DK","Perccottus glenii",0
2015-12-27,"EE","Perccottus glenii",0
2015-12-27,"ES","Perccottus glenii",0
2015-12-27,"FI","Perccottus glenii",0
2015-12-27,"FR","Perccottus glenii",0
2015-12-27,"GB","Perccottus glenii",0
2015-12-27,"GR","Perccottus glenii",0
2015-12-27,"HR","Perccottus glenii",0
2015-12-27,"HU","Perccottus glenii",0
2015-12-27,"IE","Perccottus glenii",0
2015-12-27,"IT","Perccottus glenii",0
2015-12-27,"LT","Perccottus glenii",0
2015-12-27,"LU","Perccottus glenii",0
2015-12-27,"LV","Perccottus glenii",0
2015-12-27,"MT","Perccottus glenii",0
2015-12-27,"NL","Perccottus glenii",0
2015-12-27,"PL","Perccottus glenii",0
2015-12-27,"PT","Perccottus glenii",0
2015-12-27,"RO","Perccottus glenii",0
2015-12-27,"SE","Perccottus glenii",0
2015-12-27,"SI","Perccottus glenii",0
2015-12-27,"SK","Perccottus glenii",0
2015-12-27,"AT","Persicaria perfoliata",0
2015-12-27,"BE","Persicaria perfoliata",0
2015-12-27,"BG","Persicaria perfoliata",0
2015-12-27,"CY","Persicaria perfoliata",0
2015-12-27,"CZ","Persicaria perfoliata",0
2015-12-27,"DE","Persicaria perfoliata",0
2015-12-27,"DK","Persicaria perfoliata",0
2015-12-27,"EE","Persicaria perfoliata",0
2015-12-27,"ES","Persicaria perfoliata",0
2015-12-27,"FI","Persicaria perfoliata",0
2015-12-27,"FR","Persicaria perfoliata",0
2015-12-27,"GB","Persicaria perfoliata",0
2015-12-27,"GR","Persicaria perfoliata",0
2015-12-27,"HR","Persicaria perfoliata",0
2015-12-27,"HU","Persicaria perfoliata",0
2015-12-27,"IE","Persicaria perfoliata",0
2015-12-27,"IT","Persicaria perfoliata",0
2015-12-27,"LT","Persicaria perfoliata",0
2015-12-27,"LU","Persicaria perfoliata",0
2015-12-27,"LV","Persicaria perfoliata",0
2015-12-27,"MT","Persicaria perfoliata",0
2015-12-27,"NL","Persicaria perfoliata",0
2015-12-27,"PL","Persicaria perfoliata",0
2015-12-27,"PT","Persicaria perfoliata",0
2015-12-27,"RO","Persicaria perfoliata",0
2015-12-27,"SE","Persicaria perfoliata",0
2015-12-27,"SI","Persicaria perfoliata",0
2015-12-27,"SK","Persicaria perfoliata",0
2015-12-27,"AT","Pistia stratiotes",0
2015-12-27,"BE","Pistia stratiotes",0
2015-12-27,"BG","Pistia stratiotes",0
2015-12-27,"CY","Pistia stratiotes",0
2015-12-27,"CZ","Pistia stratiotes",0
2015-12-27,"DE","Pistia stratiotes",0
2015-12-27,"DK","Pistia stratiotes",0
2015-12-27,"EE","Pistia stratiotes",0
2015-12-27,"ES","Pistia stratiotes",0
2015-12-27,"FI","Pistia stratiotes",0
2015-12-27,"FR","Pistia stratiotes",0
2015-12-27,"GB","Pistia stratiotes",0
2015-12-27,"GR","Pistia stratiotes",0
2015-12-27,"HR","Pistia stratiotes",0
2015-12-27,"HU","Pistia stratiotes",0
2015-12-27,"IE","Pistia stratiotes",0
2015-12-27,"IT","Pistia stratiotes",0
2015-12-27,"LT","Pistia stratiotes",0
2015-12-27,"LU","Pistia stratiotes",0
2015-12-27,"LV","Pistia stratiotes",0
2015-12-27,"MT","Pistia stratiotes",0
2015-12-27,"NL","Pistia stratiotes",0
2015-12-27,"PL","Pistia stratiotes",0
2015-12-27,"PT","Pistia stratiotes",0
2015-12-27,"RO","Pistia stratiotes",0
2015-12-27,"SE","Pistia stratiotes",0
2015-12-27,"SI","Pistia stratiotes",0
2015-12-27,"SK","Pistia stratiotes",0
2015-12-27,"AT","Plotosus lineatus",0
2015-12-27,"BE","Plotosus lineatus",0
2015-12-27,"BG","Plotosus lineatus",0
2015-12-27,"CY","Plotosus lineatus",0
2015-12-27,"CZ","Plotosus lineatus",0
2015-12-27,"DE","Plotosus lineatus",0
2015-12-27,"DK","Plotosus lineatus",0
2015-12-27,"EE","Plotosus lineatus",0
2015-12-27,"ES","Plotosus lineatus",0
2015-12-27,"FI","Plotosus lineatus",0
2015-12-27,"FR","Plotosus lineatus",0
2015-12-27,"GB","Plotosus lineatus",0
2015-12-27,"GR","Plotosus lineatus",0
2015-12-27,"HR","Plotosus lineatus",0
2015-12-27,"HU","Plotosus lineatus",0
2015-12-27,"IE","Plotosus lineatus",0
2015-12-27,"IT","Plotosus lineatus",0
2015-12-27,"LT","Plotosus lineatus",0
2015-12-27,"LU","Plotosus lineatus",0
2015-12-27,"LV","Plotosus lineatus",0
2015-12-27,"MT","Plotosus lineatus",0
2015-12-27,"NL","Plotosus lineatus",0
2015-12-27,"PL","Plotosus lineatus",0
2015-12-27,"PT","Plotosus lineatus",0
2015-12-27,"RO","Plotosus lineatus",0
2015-12-27,"SE","Plotosus lineatus",0
2015-12-27,"SI","Plotosus lineatus",0
2015-12-27,"SK","Plotosus lineatus",0
2015-12-27,"AT","Pontederia crassipes",0
2015-12-27,"BE","Pontederia crassipes",0
2015-12-27,"BG","Pontederia crassipes",0
2015-12-27,"CY","Pontederia crassipes",0
2015-12-27,"CZ","Pontederia crassipes",0
2015-12-27,"DE","Pontederia crassipes",10.1789365608199
2015-12-27,"DK","Pontederia crassipes",0
2015-12-27,"EE","Pontederia crassipes",0
2015-12-27,"ES","Pontederia crassipes",0
2015-12-27,"FI","Pontederia crassipes",0
2015-12-27,"FR","Pontederia crassipes",0
2015-12-27,"GB","Pontederia crassipes",8.48053149206836
2015-12-27,"GR","Pontederia crassipes",0
2015-12-27,"HR","Pontederia crassipes",0
2015-12-27,"HU","Pontederia crassipes",0
2015-12-27,"IE","Pontederia crassipes",0
2015-12-27,"IT","Pontederia crassipes",0
2015-12-27,"LT","Pontederia crassipes",0
2015-12-27,"LU","Pontederia crassipes",0
2015-12-27,"LV","Pontederia crassipes",0
2015-12-27,"MT","Pontederia crassipes",0
2015-12-27,"NL","Pontederia crassipes",0
2015-12-27,"PL","Pontederia crassipes",0
2015-12-27,"PT","Pontederia crassipes",0
2015-12-27,"RO","Pontederia crassipes",0
2015-12-27,"SE","Pontederia crassipes",0
2015-12-27,"SI","Pontederia crassipes",0
2015-12-27,"SK","Pontederia crassipes",0
2015-12-27,"AT","Procambarus clarkii",0
2015-12-27,"BE","Procambarus clarkii",0
2015-12-27,"BG","Procambarus clarkii",0
2015-12-27,"CY","Procambarus clarkii",0
2015-12-27,"CZ","Procambarus clarkii",0
2015-12-27,"DE","Procambarus clarkii",10.7780165316512
2015-12-27,"DK","Procambarus clarkii",0
2015-12-27,"EE","Procambarus clarkii",0
2015-12-27,"ES","Procambarus clarkii",0
2015-12-27,"FI","Procambarus clarkii",0
2015-12-27,"FR","Procambarus clarkii",0
2015-12-27,"GB","Procambarus clarkii",0
2015-12-27,"GR","Procambarus clarkii",0
2015-12-27,"HR","Procambarus clarkii",0
2015-12-27,"HU","Procambarus clarkii",0
2015-12-27,"IE","Procambarus clarkii",0
2015-12-27,"IT","Procambarus clarkii",0
2015-12-27,"LT","Procambarus clarkii",0
2015-12-27,"LU","Procambarus clarkii",0
2015-12-27,"LV","Procambarus clarkii",0
2015-12-27,"MT","Procambarus clarkii",0
2015-12-27,"NL","Procambarus clarkii",0
2015-12-27,"PL","Procambarus clarkii",0
2015-12-27,"PT","Procambarus clarkii",0
2015-12-27,"RO","Procambarus clarkii",0
2015-12-27,"SE","Procambarus clarkii",0
2015-12-27,"SI","Procambarus clarkii",0
2015-12-27,"SK","Procambarus clarkii",0
2015-12-27,"AT","Procambarus virginalis",0
2015-12-27,"BE","Procambarus virginalis",0
2015-12-27,"BG","Procambarus virginalis",0
2015-12-27,"CY","Procambarus virginalis",0
2015-12-27,"CZ","Procambarus virginalis",0
2015-12-27,"DE","Procambarus virginalis",0
2015-12-27,"DK","Procambarus virginalis",0
2015-12-27,"EE","Procambarus virginalis",0
2015-12-27,"ES","Procambarus virginalis",0
2015-12-27,"FI","Procambarus virginalis",0
2015-12-27,"FR","Procambarus virginalis",0
2015-12-27,"GB","Procambarus virginalis",0
2015-12-27,"GR","Procambarus virginalis",0
2015-12-27,"HR","Procambarus virginalis",0
2015-12-27,"HU","Procambarus virginalis",0
2015-12-27,"IE","Procambarus virginalis",0
2015-12-27,"IT","Procambarus virginalis",0
2015-12-27,"LT","Procambarus virginalis",0
2015-12-27,"LU","Procambarus virginalis",0
2015-12-27,"LV","Procambarus virginalis",0
2015-12-27,"MT","Procambarus virginalis",0
2015-12-27,"NL","Procambarus virginalis",0
2015-12-27,"PL","Procambarus virginalis",0
2015-12-27,"PT","Procambarus virginalis",0
2015-12-27,"RO","Procambarus virginalis",0
2015-12-27,"SE","Procambarus virginalis",0
2015-12-27,"SI","Procambarus virginalis",0
2015-12-27,"SK","Procambarus virginalis",0
2015-12-27,"AT","Procyon lotor",352.379061538445
2015-12-27,"BE","Procyon lotor",269.003886737223
2015-12-27,"BG","Procyon lotor",0
2015-12-27,"CY","Procyon lotor",0
2015-12-27,"CZ","Procyon lotor",235.392013912532
2015-12-27,"DE","Procyon lotor",613.698055911402
2015-12-27,"DK","Procyon lotor",331.37666283983
2015-12-27,"EE","Procyon lotor",0
2015-12-27,"ES","Procyon lotor",84.8594731095712
2015-12-27,"FI","Procyon lotor",449.713894649382
2015-12-27,"FR","Procyon lotor",217.464292791299
2015-12-27,"GB","Procyon lotor",239.65453749903
2015-12-27,"GR","Procyon lotor",113.066509324536
2015-12-27,"HR","Procyon lotor",216.743630505051
2015-12-27,"HU","Procyon lotor",210.123903370725
2015-12-27,"IE","Procyon lotor",254.584664832931
2015-12-27,"IT","Procyon lotor",203.038226649075
2015-12-27,"LT","Procyon lotor",0
2015-12-27,"LU","Procyon lotor",0
2015-12-27,"LV","Procyon lotor",0
2015-12-27,"MT","Procyon lotor",0
2015-12-27,"NL","Procyon lotor",466.388510858614
2015-12-27,"PL","Procyon lotor",180.114513614508
2015-12-27,"PT","Procyon lotor",216.27169665765
2015-12-27,"RO","Procyon lotor",129.943539188273
2015-12-27,"SE","Procyon lotor",227.114749616909
2015-12-27,"SI","Procyon lotor",0
2015-12-27,"SK","Procyon lotor",177.718686946495
2015-12-27,"AT","Prosopis juliflora",0
2015-12-27,"BE","Prosopis juliflora",0
2015-12-27,"BG","Prosopis juliflora",0
2015-12-27,"CY","Prosopis juliflora",0
2015-12-27,"CZ","Prosopis juliflora",0
2015-12-27,"DE","Prosopis juliflora",0
2015-12-27,"DK","Prosopis juliflora",0
2015-12-27,"EE","Prosopis juliflora",0
2015-12-27,"ES","Prosopis juliflora",0
2015-12-27,"FI","Prosopis juliflora",0
2015-12-27,"FR","Prosopis juliflora",0
2015-12-27,"GB","Prosopis juliflora",0
2015-12-27,"GR","Prosopis juliflora",0
2015-12-27,"HR","Prosopis juliflora",0
2015-12-27,"HU","Prosopis juliflora",0
2015-12-27,"IE","Prosopis juliflora",0
2015-12-27,"IT","Prosopis juliflora",0
2015-12-27,"LT","Prosopis juliflora",0
2015-12-27,"LU","Prosopis juliflora",0
2015-12-27,"LV","Prosopis juliflora",0
2015-12-27,"MT","Prosopis juliflora",0
2015-12-27,"NL","Prosopis juliflora",0
2015-12-27,"PL","Prosopis juliflora",0
2015-12-27,"PT","Prosopis juliflora",0
2015-12-27,"RO","Prosopis juliflora",0
2015-12-27,"SE","Prosopis juliflora",0
2015-12-27,"SI","Prosopis juliflora",0
2015-12-27,"SK","Prosopis juliflora",0
2015-12-27,"AT","Pseudorasbora parva",0
2015-12-27,"BE","Pseudorasbora parva",0
2015-12-27,"BG","Pseudorasbora parva",0
2015-12-27,"CY","Pseudorasbora parva",761.841030692257
2015-12-27,"CZ","Pseudorasbora parva",0
2015-12-27,"DE","Pseudorasbora parva",0
2015-12-27,"DK","Pseudorasbora parva",0
2015-12-27,"EE","Pseudorasbora parva",0
2015-12-27,"ES","Pseudorasbora parva",0
2015-12-27,"FI","Pseudorasbora parva",0
2015-12-27,"FR","Pseudorasbora parva",0
2015-12-27,"GB","Pseudorasbora parva",0
2015-12-27,"GR","Pseudorasbora parva",0
2015-12-27,"HR","Pseudorasbora parva",0
2015-12-27,"HU","Pseudorasbora parva",0
2015-12-27,"IE","Pseudorasbora parva",0
2015-12-27,"IT","Pseudorasbora parva",0
2015-12-27,"LT","Pseudorasbora parva",0
2015-12-27,"LU","Pseudorasbora parva",0
2015-12-27,"LV","Pseudorasbora parva",0
2015-12-27,"MT","Pseudorasbora parva",0
2015-12-27,"NL","Pseudorasbora parva",0
2015-12-27,"PL","Pseudorasbora parva",0
2015-12-27,"PT","Pseudorasbora parva",0
2015-12-27,"RO","Pseudorasbora parva",0
2015-12-27,"SE","Pseudorasbora parva",0
2015-12-27,"SI","Pseudorasbora parva",0
2015-12-27,"SK","Pseudorasbora parva",0
2015-12-27,"AT","Pueraria montana",0
2015-12-27,"BE","Pueraria montana",0
2015-12-27,"BG","Pueraria montana",0
2015-12-27,"CY","Pueraria montana",0
2015-12-27,"CZ","Pueraria montana",0
2015-12-27,"DE","Pueraria montana",0
2015-12-27,"DK","Pueraria montana",0
2015-12-27,"EE","Pueraria montana",0
2015-12-27,"ES","Pueraria montana",0
2015-12-27,"FI","Pueraria montana",0
2015-12-27,"FR","Pueraria montana",0
2015-12-27,"GB","Pueraria montana",0
2015-12-27,"GR","Pueraria montana",0
2015-12-27,"HR","Pueraria montana",0
2015-12-27,"HU","Pueraria montana",0
2015-12-27,"IE","Pueraria montana",0
2015-12-27,"IT","Pueraria montana",0
2015-12-27,"LT","Pueraria montana",0
2015-12-27,"LU","Pueraria montana",0
2015-12-27,"LV","Pueraria montana",0
2015-12-27,"MT","Pueraria montana",0
2015-12-27,"NL","Pueraria montana",0
2015-12-27,"PL","Pueraria montana",0
2015-12-27,"PT","Pueraria montana",0
2015-12-27,"RO","Pueraria montana",0
2015-12-27,"SE","Pueraria montana",0
2015-12-27,"SI","Pueraria montana",0
2015-12-27,"SK","Pueraria montana",0
2015-12-27,"AT","Pycnonotus cafer",0
2015-12-27,"BE","Pycnonotus cafer",0
2015-12-27,"BG","Pycnonotus cafer",0
2015-12-27,"CY","Pycnonotus cafer",0
2015-12-27,"CZ","Pycnonotus cafer",0
2015-12-27,"DE","Pycnonotus cafer",0
2015-12-27,"DK","Pycnonotus cafer",0
2015-12-27,"EE","Pycnonotus cafer",0
2015-12-27,"ES","Pycnonotus cafer",0
2015-12-27,"FI","Pycnonotus cafer",0
2015-12-27,"FR","Pycnonotus cafer",0
2015-12-27,"GB","Pycnonotus cafer",0
2015-12-27,"GR","Pycnonotus cafer",0
2015-12-27,"HR","Pycnonotus cafer",0
2015-12-27,"HU","Pycnonotus cafer",0
2015-12-27,"IE","Pycnonotus cafer",0
2015-12-27,"IT","Pycnonotus cafer",0
2015-12-27,"LT","Pycnonotus cafer",0
2015-12-27,"LU","Pycnonotus cafer",0
2015-12-27,"LV","Pycnonotus cafer",0
2015-12-27,"MT","Pycnonotus cafer",0
2015-12-27,"NL","Pycnonotus cafer",0
2015-12-27,"PL","Pycnonotus cafer",0
2015-12-27,"PT","Pycnonotus cafer",0
2015-12-27,"RO","Pycnonotus cafer",0
2015-12-27,"SE","Pycnonotus cafer",0
2015-12-27,"SI","Pycnonotus cafer",0
2015-12-27,"SK","Pycnonotus cafer",0
2015-12-27,"AT","Rugulopteryx okamurae",0
2015-12-27,"BE","Rugulopteryx okamurae",0
2015-12-27,"BG","Rugulopteryx okamurae",0
2015-12-27,"CY","Rugulopteryx okamurae",0
2015-12-27,"CZ","Rugulopteryx okamurae",0
2015-12-27,"DE","Rugulopteryx okamurae",0
2015-12-27,"DK","Rugulopteryx okamurae",0
2015-12-27,"EE","Rugulopteryx okamurae",0
2015-12-27,"ES","Rugulopteryx okamurae",0
2015-12-27,"FI","Rugulopteryx okamurae",0
2015-12-27,"FR","Rugulopteryx okamurae",0
2015-12-27,"GB","Rugulopteryx okamurae",0
2015-12-27,"GR","Rugulopteryx okamurae",0
2015-12-27,"HR","Rugulopteryx okamurae",0
2015-12-27,"HU","Rugulopteryx okamurae",0
2015-12-27,"IE","Rugulopteryx okamurae",0
2015-12-27,"IT","Rugulopteryx okamurae",0
2015-12-27,"LT","Rugulopteryx okamurae",0
2015-12-27,"LU","Rugulopteryx okamurae",0
2015-12-27,"LV","Rugulopteryx okamurae",0
2015-12-27,"MT","Rugulopteryx okamurae",0
2015-12-27,"NL","Rugulopteryx okamurae",0
2015-12-27,"PL","Rugulopteryx okamurae",0
2015-12-27,"PT","Rugulopteryx okamurae",0
2015-12-27,"RO","Rugulopteryx okamurae",0
2015-12-27,"SE","Rugulopteryx okamurae",0
2015-12-27,"SI","Rugulopteryx okamurae",0
2015-12-27,"SK","Rugulopteryx okamurae",0
2015-12-27,"AT","Salvinia molesta",0
2015-12-27,"BE","Salvinia molesta",0
2015-12-27,"BG","Salvinia molesta",0
2015-12-27,"CY","Salvinia molesta",0
2015-12-27,"CZ","Salvinia molesta",0
2015-12-27,"DE","Salvinia molesta",0
2015-12-27,"DK","Salvinia molesta",0
2015-12-27,"EE","Salvinia molesta",0
2015-12-27,"ES","Salvinia molesta",0
2015-12-27,"FI","Salvinia molesta",0
2015-12-27,"FR","Salvinia molesta",0
2015-12-27,"GB","Salvinia molesta",0
2015-12-27,"GR","Salvinia molesta",0
2015-12-27,"HR","Salvinia molesta",0
2015-12-27,"HU","Salvinia molesta",0
2015-12-27,"IE","Salvinia molesta",0
2015-12-27,"IT","Salvinia molesta",0
2015-12-27,"LT","Salvinia molesta",0
2015-12-27,"LU","Salvinia molesta",0
2015-12-27,"LV","Salvinia molesta",0
2015-12-27,"MT","Salvinia molesta",0
2015-12-27,"NL","Salvinia molesta",0
2015-12-27,"PL","Salvinia molesta",0
2015-12-27,"PT","Salvinia molesta",0
2015-12-27,"RO","Salvinia molesta",0
2015-12-27,"SE","Salvinia molesta",0
2015-12-27,"SI","Salvinia molesta",0
2015-12-27,"SK","Salvinia molesta",0
2015-12-27,"AT","Sciurus carolinensis",0
2015-12-27,"BE","Sciurus carolinensis",0
2015-12-27,"BG","Sciurus carolinensis",0
2015-12-27,"CY","Sciurus carolinensis",0
2015-12-27,"CZ","Sciurus carolinensis",0
2015-12-27,"DE","Sciurus carolinensis",0
2015-12-27,"DK","Sciurus carolinensis",0
2015-12-27,"EE","Sciurus carolinensis",0
2015-12-27,"ES","Sciurus carolinensis",0
2015-12-27,"FI","Sciurus carolinensis",0
2015-12-27,"FR","Sciurus carolinensis",0
2015-12-27,"GB","Sciurus carolinensis",25.2554603741585
2015-12-27,"GR","Sciurus carolinensis",0
2015-12-27,"HR","Sciurus carolinensis",0
2015-12-27,"HU","Sciurus carolinensis",0
2015-12-27,"IE","Sciurus carolinensis",0
2015-12-27,"IT","Sciurus carolinensis",0
2015-12-27,"LT","Sciurus carolinensis",0
2015-12-27,"LU","Sciurus carolinensis",0
2015-12-27,"LV","Sciurus carolinensis",0
2015-12-27,"MT","Sciurus carolinensis",0
2015-12-27,"NL","Sciurus carolinensis",0
2015-12-27,"PL","Sciurus carolinensis",0
2015-12-27,"PT","Sciurus carolinensis",0
2015-12-27,"RO","Sciurus carolinensis",0
2015-12-27,"SE","Sciurus carolinensis",0
2015-12-27,"SI","Sciurus carolinensis",0
2015-12-27,"SK","Sciurus carolinensis",0
2015-12-27,"AT","Sciurus niger",0
2015-12-27,"BE","Sciurus niger",0
2015-12-27,"BG","Sciurus niger",0
2015-12-27,"CY","Sciurus niger",0
2015-12-27,"CZ","Sciurus niger",0
2015-12-27,"DE","Sciurus niger",0
2015-12-27,"DK","Sciurus niger",0
2015-12-27,"EE","Sciurus niger",0
2015-12-27,"ES","Sciurus niger",26.9657963027084
2015-12-27,"FI","Sciurus niger",0
2015-12-27,"FR","Sciurus niger",0
2015-12-27,"GB","Sciurus niger",0
2015-12-27,"GR","Sciurus niger",0
2015-12-27,"HR","Sciurus niger",0
2015-12-27,"HU","Sciurus niger",0
2015-12-27,"IE","Sciurus niger",0
2015-12-27,"IT","Sciurus niger",0
2015-12-27,"LT","Sciurus niger",0
2015-12-27,"LU","Sciurus niger",0
2015-12-27,"LV","Sciurus niger",0
2015-12-27,"MT","Sciurus niger",0
2015-12-27,"NL","Sciurus niger",0
2015-12-27,"PL","Sciurus niger",0
2015-12-27,"PT","Sciurus niger",0
2015-12-27,"RO","Sciurus niger",0
2015-12-27,"SE","Sciurus niger",0
2015-12-27,"SI","Sciurus niger",0
2015-12-27,"SK","Sciurus niger",0
2015-12-27,"AT","Solenopsis geminata",0
2015-12-27,"BE","Solenopsis geminata",0
2015-12-27,"BG","Solenopsis geminata",0
2015-12-27,"CY","Solenopsis geminata",0
2015-12-27,"CZ","Solenopsis geminata",0
2015-12-27,"DE","Solenopsis geminata",0
2015-12-27,"DK","Solenopsis geminata",0
2015-12-27,"EE","Solenopsis geminata",0
2015-12-27,"ES","Solenopsis geminata",0
2015-12-27,"FI","Solenopsis geminata",0
2015-12-27,"FR","Solenopsis geminata",0
2015-12-27,"GB","Solenopsis geminata",0
2015-12-27,"GR","Solenopsis geminata",0
2015-12-27,"HR","Solenopsis geminata",0
2015-12-27,"HU","Solenopsis geminata",0
2015-12-27,"IE","Solenopsis geminata",0
2015-12-27,"IT","Solenopsis geminata",0
2015-12-27,"LT","Solenopsis geminata",0
2015-12-27,"LU","Solenopsis geminata",0
2015-12-27,"LV","Solenopsis geminata",0
2015-12-27,"MT","Solenopsis geminata",0
2015-12-27,"NL","Solenopsis geminata",0
2015-12-27,"PL","Solenopsis geminata",0
2015-12-27,"PT","Solenopsis geminata",0
2015-12-27,"RO","Solenopsis geminata",0
2015-12-27,"SE","Solenopsis geminata",0
2015-12-27,"SI","Solenopsis geminata",0
2015-12-27,"SK","Solenopsis geminata",0
2015-12-27,"AT","Solenopsis invicta",0
2015-12-27,"BE","Solenopsis invicta",0
2015-12-27,"BG","Solenopsis invicta",0
2015-12-27,"CY","Solenopsis invicta",0
2015-12-27,"CZ","Solenopsis invicta",0
2015-12-27,"DE","Solenopsis invicta",0
2015-12-27,"DK","Solenopsis invicta",0
2015-12-27,"EE","Solenopsis invicta",0
2015-12-27,"ES","Solenopsis invicta",0
2015-12-27,"FI","Solenopsis invicta",107.723517564372
2015-12-27,"FR","Solenopsis invicta",0
2015-12-27,"GB","Solenopsis invicta",0
2015-12-27,"GR","Solenopsis invicta",0
2015-12-27,"HR","Solenopsis invicta",0
2015-12-27,"HU","Solenopsis invicta",0
2015-12-27,"IE","Solenopsis invicta",0
2015-12-27,"IT","Solenopsis invicta",0
2015-12-27,"LT","Solenopsis invicta",0
2015-12-27,"LU","Solenopsis invicta",0
2015-12-27,"LV","Solenopsis invicta",0
2015-12-27,"MT","Solenopsis invicta",0
2015-12-27,"NL","Solenopsis invicta",0
2015-12-27,"PL","Solenopsis invicta",0
2015-12-27,"PT","Solenopsis invicta",0
2015-12-27,"RO","Solenopsis invicta",0
2015-12-27,"SE","Solenopsis invicta",0
2015-12-27,"SI","Solenopsis invicta",0
2015-12-27,"SK","Solenopsis invicta",0
2015-12-27,"AT","Solenopsis richteri",0
2015-12-27,"BE","Solenopsis richteri",0
2015-12-27,"BG","Solenopsis richteri",0
2015-12-27,"CY","Solenopsis richteri",0
2015-12-27,"CZ","Solenopsis richteri",0
2015-12-27,"DE","Solenopsis richteri",0
2015-12-27,"DK","Solenopsis richteri",0
2015-12-27,"EE","Solenopsis richteri",0
2015-12-27,"ES","Solenopsis richteri",0
2015-12-27,"FI","Solenopsis richteri",0
2015-12-27,"FR","Solenopsis richteri",0
2015-12-27,"GB","Solenopsis richteri",0
2015-12-27,"GR","Solenopsis richteri",0
2015-12-27,"HR","Solenopsis richteri",0
2015-12-27,"HU","Solenopsis richteri",0
2015-12-27,"IE","Solenopsis richteri",0
2015-12-27,"IT","Solenopsis richteri",0
2015-12-27,"LT","Solenopsis richteri",0
2015-12-27,"LU","Solenopsis richteri",0
2015-12-27,"LV","Solenopsis richteri",0
2015-12-27,"MT","Solenopsis richteri",0
2015-12-27,"NL","Solenopsis richteri",0
2015-12-27,"PL","Solenopsis richteri",0
2015-12-27,"PT","Solenopsis richteri",0
2015-12-27,"RO","Solenopsis richteri",0
2015-12-27,"SE","Solenopsis richteri",0
2015-12-27,"SI","Solenopsis richteri",0
2015-12-27,"SK","Solenopsis richteri",0
2015-12-27,"AT","Tamias sibiricus",0
2015-12-27,"BE","Tamias sibiricus",0
2015-12-27,"BG","Tamias sibiricus",0
2015-12-27,"CY","Tamias sibiricus",0
2015-12-27,"CZ","Tamias sibiricus",153.942201719548
2015-12-27,"DE","Tamias sibiricus",0
2015-12-27,"DK","Tamias sibiricus",0
2015-12-27,"EE","Tamias sibiricus",0
2015-12-27,"ES","Tamias sibiricus",17.6600331593986
2015-12-27,"FI","Tamias sibiricus",0
2015-12-27,"FR","Tamias sibiricus",0
2015-12-27,"GB","Tamias sibiricus",0
2015-12-27,"GR","Tamias sibiricus",0
2015-12-27,"HR","Tamias sibiricus",0
2015-12-27,"HU","Tamias sibiricus",0
2015-12-27,"IE","Tamias sibiricus",0
2015-12-27,"IT","Tamias sibiricus",0
2015-12-27,"LT","Tamias sibiricus",0
2015-12-27,"LU","Tamias sibiricus",0
2015-12-27,"LV","Tamias sibiricus",0
2015-12-27,"MT","Tamias sibiricus",0
2015-12-27,"NL","Tamias sibiricus",0
2015-12-27,"PL","Tamias sibiricus",0
2015-12-27,"PT","Tamias sibiricus",0
2015-12-27,"RO","Tamias sibiricus",0
2015-12-27,"SE","Tamias sibiricus",0
2015-12-27,"SI","Tamias sibiricus",0
2015-12-27,"SK","Tamias sibiricus",0
2015-12-27,"AT","Threskiornis aethiopicus",0
2015-12-27,"BE","Threskiornis aethiopicus",0
2015-12-27,"BG","Threskiornis aethiopicus",0
2015-12-27,"CY","Threskiornis aethiopicus",0
2015-12-27,"CZ","Threskiornis aethiopicus",0
2015-12-27,"DE","Threskiornis aethiopicus",0
2015-12-27,"DK","Threskiornis aethiopicus",0
2015-12-27,"EE","Threskiornis aethiopicus",0
2015-12-27,"ES","Threskiornis aethiopicus",0
2015-12-27,"FI","Threskiornis aethiopicus",0
2015-12-27,"FR","Threskiornis aethiopicus",0
2015-12-27,"GB","Threskiornis aethiopicus",0
2015-12-27,"GR","Threskiornis aethiopicus",0
2015-12-27,"HR","Threskiornis aethiopicus",0
2015-12-27,"HU","Threskiornis aethiopicus",0
2015-12-27,"IE","Threskiornis aethiopicus",0
2015-12-27,"IT","Threskiornis aethiopicus",0
2015-12-27,"LT","Threskiornis aethiopicus",0
2015-12-27,"LU","Threskiornis aethiopicus",0
2015-12-27,"LV","Threskiornis aethiopicus",0
2015-12-27,"MT","Threskiornis aethiopicus",0
2015-12-27,"NL","Threskiornis aethiopicus",0
2015-12-27,"PL","Threskiornis aethiopicus",0
2015-12-27,"PT","Threskiornis aethiopicus",0
2015-12-27,"RO","Threskiornis aethiopicus",0
2015-12-27,"SE","Threskiornis aethiopicus",102.544704261822
2015-12-27,"SI","Threskiornis aethiopicus",0
2015-12-27,"SK","Threskiornis aethiopicus",0
2015-12-27,"AT","Trachemys scripta",0
2015-12-27,"BE","Trachemys scripta",0
2015-12-27,"BG","Trachemys scripta",0
2015-12-27,"CY","Trachemys scripta",0
2015-12-27,"CZ","Trachemys scripta",0
2015-12-27,"DE","Trachemys scripta",0
2015-12-27,"DK","Trachemys scripta",0
2015-12-27,"EE","Trachemys scripta",0
2015-12-27,"ES","Trachemys scripta",17.9386965635496
2015-12-27,"FI","Trachemys scripta",0
2015-12-27,"FR","Trachemys scripta",0
2015-12-27,"GB","Trachemys scripta",0
2015-12-27,"GR","Trachemys scripta",0
2015-12-27,"HR","Trachemys scripta",0
2015-12-27,"HU","Trachemys scripta",0
2015-12-27,"IE","Trachemys scripta",0
2015-12-27,"IT","Trachemys scripta",28.3237573882117
2015-12-27,"LT","Trachemys scripta",0
2015-12-27,"LU","Trachemys scripta",0
2015-12-27,"LV","Trachemys scripta",0
2015-12-27,"MT","Trachemys scripta",0
2015-12-27,"NL","Trachemys scripta",0
2015-12-27,"PL","Trachemys scripta",0
2015-12-27,"PT","Trachemys scripta",0
2015-12-27,"RO","Trachemys scripta",0
2015-12-27,"SE","Trachemys scripta",0
2015-12-27,"SI","Trachemys scripta",0
2015-12-27,"SK","Trachemys scripta",0
2015-12-27,"AT","Triadica sebifera",0
2015-12-27,"BE","Triadica sebifera",0
2015-12-27,"BG","Triadica sebifera",0
2015-12-27,"CY","Triadica sebifera",0
2015-12-27,"CZ","Triadica sebifera",0
2015-12-27,"DE","Triadica sebifera",0
2015-12-27,"DK","Triadica sebifera",0
2015-12-27,"EE","Triadica sebifera",0
2015-12-27,"ES","Triadica sebifera",0
2015-12-27,"FI","Triadica sebifera",0
2015-12-27,"FR","Triadica sebifera",0
2015-12-27,"GB","Triadica sebifera",0
2015-12-27,"GR","Triadica sebifera",0
2015-12-27,"HR","Triadica sebifera",0
2015-12-27,"HU","Triadica sebifera",0
2015-12-27,"IE","Triadica sebifera",0
2015-12-27,"IT","Triadica sebifera",0
2015-12-27,"LT","Triadica sebifera",0
2015-12-27,"LU","Triadica sebifera",0
2015-12-27,"LV","Triadica sebifera",0
2015-12-27,"MT","Triadica sebifera",0
2015-12-27,"NL","Triadica sebifera",0
2015-12-27,"PL","Triadica sebifera",0
2015-12-27,"PT","Triadica sebifera",0
2015-12-27,"RO","Triadica sebifera",0
2015-12-27,"SE","Triadica sebifera",0
2015-12-27,"SI","Triadica sebifera",0
2015-12-27,"SK","Triadica sebifera",0
2015-12-27,"AT","Vespa velutina nigrithorax",0
2015-12-27,"BE","Vespa velutina nigrithorax",0
2015-12-27,"BG","Vespa velutina nigrithorax",0
2015-12-27,"CY","Vespa velutina nigrithorax",0
2015-12-27,"CZ","Vespa velutina nigrithorax",0
2015-12-27,"DE","Vespa velutina nigrithorax",0
2015-12-27,"DK","Vespa velutina nigrithorax",0
2015-12-27,"EE","Vespa velutina nigrithorax",0
2015-12-27,"ES","Vespa velutina nigrithorax",67.1821232039738
2015-12-27,"FI","Vespa velutina nigrithorax",0
2015-12-27,"FR","Vespa velutina nigrithorax",90.0026761555386
2015-12-27,"GB","Vespa velutina nigrithorax",0
2015-12-27,"GR","Vespa velutina nigrithorax",0
2015-12-27,"HR","Vespa velutina nigrithorax",0
2015-12-27,"HU","Vespa velutina nigrithorax",0
2015-12-27,"IE","Vespa velutina nigrithorax",0
2015-12-27,"IT","Vespa velutina nigrithorax",0
2015-12-27,"LT","Vespa velutina nigrithorax",0
2015-12-27,"LU","Vespa velutina nigrithorax",0
2015-12-27,"LV","Vespa velutina nigrithorax",0
2015-12-27,"MT","Vespa velutina nigrithorax",0
2015-12-27,"NL","Vespa velutina nigrithorax",0
2015-12-27,"PL","Vespa velutina nigrithorax",0
2015-12-27,"PT","Vespa velutina nigrithorax",140.553265350766
2015-12-27,"RO","Vespa velutina nigrithorax",0
2015-12-27,"SE","Vespa velutina nigrithorax",0
2015-12-27,"SI","Vespa velutina nigrithorax",0
2015-12-27,"SK","Vespa velutina nigrithorax",0
2015-12-27,"AT","Wasmannia auropunctata",0
2015-12-27,"BE","Wasmannia auropunctata",0
2015-12-27,"BG","Wasmannia auropunctata",0
2015-12-27,"CY","Wasmannia auropunctata",0
2015-12-27,"CZ","Wasmannia auropunctata",0
2015-12-27,"DE","Wasmannia auropunctata",0
2015-12-27,"DK","Wasmannia auropunctata",0
2015-12-27,"EE","Wasmannia auropunctata",0
2015-12-27,"ES","Wasmannia auropunctata",0
2015-12-27,"FI","Wasmannia auropunctata",0
2015-12-27,"FR","Wasmannia auropunctata",0
2015-12-27,"GB","Wasmannia auropunctata",0
2015-12-27,"GR","Wasmannia auropunctata",0
2015-12-27,"HR","Wasmannia auropunctata",0
2015-12-27,"HU","Wasmannia auropunctata",0
2015-12-27,"IE","Wasmannia auropunctata",0
2015-12-27,"IT","Wasmannia auropunctata",0
2015-12-27,"LT","Wasmannia auropunctata",0
2015-12-27,"LU","Wasmannia auropunctata",0
2015-12-27,"LV","Wasmannia auropunctata",0
2015-12-27,"MT","Wasmannia auropunctata",0
2015-12-27,"NL","Wasmannia auropunctata",0
2015-12-27,"PL","Wasmannia auropunctata",0
2015-12-27,"PT","Wasmannia auropunctata",0
2015-12-27,"RO","Wasmannia auropunctata",0
2015-12-27,"SE","Wasmannia auropunctata",0
2015-12-27,"SI","Wasmannia auropunctata",0
2015-12-27,"SK","Wasmannia auropunctata",0
2015-12-27,"AT","Xenopus laevis",0
2015-12-27,"BE","Xenopus laevis",0
2015-12-27,"BG","Xenopus laevis",0
2015-12-27,"CY","Xenopus laevis",0
2015-12-27,"CZ","Xenopus laevis",0
2015-12-27,"DE","Xenopus laevis",0
2015-12-27,"DK","Xenopus laevis",0
2015-12-27,"EE","Xenopus laevis",0
2015-12-27,"ES","Xenopus laevis",0
2015-12-27,"FI","Xenopus laevis",0
2015-12-27,"FR","Xenopus laevis",0
2015-12-27,"GB","Xenopus laevis",7.89429643380788
2015-12-27,"GR","Xenopus laevis",0
2015-12-27,"HR","Xenopus laevis",0
2015-12-27,"HU","Xenopus laevis",0
2015-12-27,"IE","Xenopus laevis",0
2015-12-27,"IT","Xenopus laevis",0
2015-12-27,"LT","Xenopus laevis",0
2015-12-27,"LU","Xenopus laevis",0
2015-12-27,"LV","Xenopus laevis",0
2015-12-27,"MT","Xenopus laevis",0
2015-12-27,"NL","Xenopus laevis",0
2015-12-27,"PL","Xenopus laevis",0
2015-12-27,"PT","Xenopus laevis",0
2015-12-27,"RO","Xenopus laevis",0
2015-12-27,"SE","Xenopus laevis",0
2015-12-27,"SI","Xenopus laevis",0
2015-12-27,"SK","Xenopus laevis",0
