Country,Platform,Sector,Union list status,Species,Species Taxa,Kingdom,Life stage being sold,Unit Price in EUR,Information on its IAS potential
Germany,OR,Horticulture,Listed,Acacia saligna,Flowering plants (Didcots),Plant,Seeds only,0.115,-
France,OR,Horticulture,Listed,Acacia saligna,Flowering plants (Didcots),Plant,Seeds only,0.184,No
France,OR,Horticulture,Listed,Acacia saligna,Flowering plants (Didcots),Plant,Seeds only,0.6792,No
France,OR,Horticulture,Listed,Acacia saligna,Flowering plants (Didcots),Plant,Seeds only,0.234,No
Netherlands,OR,Horticulture,Listed,Acacia saligna,Flowering plants (Didcots),Plant,Seeds only,0.1475,No
Spain,PP,Horticulture,Listed,Acacia saligna,Flowering plants (Didcots),Plant,Seeds only,Unknown,No
Spain,OR,Both,Listed,Acacia saligna,Flowering plants (Didcots),Plant,Seeds only,0.234,No
Spain,PP,Horticulture,Listed,Acacia saligna,Flowering plants (Didcots),Plant,Seeds only,0.068,No
Spain,PP,Horticulture,Listed,Acacia saligna,Flowering plants (Didcots),Plant,Seeds only,0.166666667,No
Spain,PP,Horticulture,Listed,Acacia saligna,Flowering plants (Didcots),Plant,Adults only,15,No
Spain,PP,Horticulture,Listed,Acacia saligna,Flowering plants (Didcots),Plant,Seeds only,0.1475,No
Spain,PP,Horticulture,Listed,Acacia saligna,Flowering plants (Didcots),Plant,Seeds only,0.02,No
Spain,PP,Horticulture,Listed,Acacia saligna,Flowering plants (Didcots),Plant,Seeds only,0.088,No
Spain,PP,Horticulture,Listed,Acacia saligna,Flowering plants (Didcots),Plant,Seeds only,0.169,No
Spain,PP,Horticulture,Listed,Acacia saligna,Flowering plants (Didcots),Plant,Seeds only,0.0406,No
Italy,OR,Horticulture,Listed,Acacia saligna,Flowering plants (Didcots),Plant,Adults only,,No
Italy,OR,Horticulture,Listed,Acacia saligna,Flowering plants (Didcots),Plant,Adults only,,No
Italy,OR,Horticulture,Listed,Acacia saligna,Flowering plants (Didcots),Plant,Adults only,,No
Italy,OR,Horticulture,Listed,Acacia saligna,Flowering plants (Didcots),Plant,Adults only,30,No
Italy,OR,Horticulture,Listed,Acacia saligna,Flowering plants (Didcots),Plant,Adults only,,No
Italy,OR,Horticulture,Listed,Acacia saligna,Flowering plants (Didcots),Plant,Adults only,,No
Italy,OR,Horticulture,Listed,Acacia saligna,Flowering plants (Didcots),Plant,Adults only,,No
Italy,OR,Both,Listed,Acacia saligna,Flowering plants (Didcots),Plant,Seeds only,0.2335,No
Italy,PP,Horticulture,Listed,Acacia saligna,Flowering plants (Didcots),Plant,Adults only,15,No
Italy,PP,Horticulture,Listed,Acacia saligna,Flowering plants (Didcots),Plant,Seeds only,0.0663,No
International,OR,Both,Listed,Acacia saligna,Flowering plants (Didcots),Plant,Seeds only,0.23412,No
International,OR,Both,Listed,Acacia saligna,Flowering plants (Didcots),Plant,Seeds only,0.0690654,No
Czechia,PP,Both,Listed,Acridotheres tristis,Birds,Animal,Adults only,,Unknown
France,PP,Pet/aquarium,Listed,Acridotheres tristis,Birds,Animal,Adults only,180,No
Czechia,OR,Horticulture,Listed,Ailanthus altissima,Flowering plants (Didcots),Plant,Seeds only,0.098175,No
Czechia,OR,Horticulture,Listed,Ailanthus altissima,Flowering plants (Didcots),Plant,Seeds only,,No
Czechia,OR,Horticulture,Listed,Ailanthus altissima,Flowering plants (Didcots),Plant,Seeds only,0.098175,No
Germany,OR,Horticulture,Listed,Ailanthus altissima,Flowering plants (Didcots),Plant,Adults only,17.67140183,Yes
Germany,OR,Horticulture,Listed,Ailanthus altissima,Flowering plants (Didcots),Plant,Adults only,7.8987678,Yes
Germany,OR,Horticulture,Listed,Ailanthus altissima,Flowering plants (Didcots),Plant,Adults only,13.7445,No
Germany,OR,Horticulture,Listed,Ailanthus altissima,Flowering plants (Didcots),Plant,Adults only,6.4141,No
Germany,OR,Horticulture,Listed,Ailanthus altissima,Flowering plants (Didcots),Plant,Seeds only,,Yes
Germany,OR,Horticulture,Listed,Ailanthus altissima,Flowering plants (Didcots),Plant,Adults only,8507.95,No
Germany,PP,Both,Listed,Ailanthus altissima,Flowering plants (Didcots),Plant,Adults only,35,No
Germany,PP,Both,Listed,Ailanthus altissima,Flowering plants (Didcots),Plant,Seeds only,0.099666667,
Germany,OR,Horticulture,Listed,Ailanthus altissima,Flowering plants (Didcots),Plant,Seeds only,0,
France,OR,Horticulture,Listed,Ailanthus altissima,Flowering plants (Didcots),Plant,Unknown,265,"""This tree has the unfortunate characteristic of producing a growth inhibitor that hinders the development or kills other plants located near it. Beware, it resprouts abundantly and can become invasive under certain favorable conditions."""
France,OR,Horticulture,Listed,Ailanthus altissima,Flowering plants (Didcots),Plant,Juveniles only,7.9,No
France,OR,Horticulture,Listed,Ailanthus altissima,Flowering plants (Didcots),Plant,Seeds only,0.099933333,No
France,OR,Horticulture,Listed,Ailanthus altissima,Flowering plants (Didcots),Plant,Seeds only,0.116266667,No
France,OR,Horticulture,Listed,Ailanthus altissima,Flowering plants (Didcots),Plant,Seeds only,0.117,No
Netherlands,OR,Horticulture,Listed,Ailanthus altissima,Flowering plants (Didcots),Plant,Adults only,382.67,No
Spain,PP,Horticulture,Listed,Ailanthus altissima,Flowering plants (Didcots),Plant,Seeds only,0.1975,No
Spain,OR,Both,Listed,Ailanthus altissima,Flowering plants (Didcots),Plant,Seeds only,0.107833333,No
Spain,OR,Both,Listed,Ailanthus altissima,Flowering plants (Didcots),Plant,Seeds only,0.0633,No
Spain,PP,Horticulture,Listed,Ailanthus altissima,Flowering plants (Didcots),Plant,Adults only,5,No
Spain,PP,Horticulture,Listed,Ailanthus altissima,Flowering plants (Didcots),Plant,Adults only,29.9,No
Spain,PP,Horticulture,Listed,Ailanthus altissima,Flowering plants (Didcots),Plant,Seeds only,0.045,No
Spain,PP,Horticulture,Listed,Ailanthus altissima,Flowering plants (Didcots),Plant,Seeds only,0.23,No
Spain,PP,Horticulture,Listed,Ailanthus altissima,Flowering plants (Didcots),Plant,Seeds only,0.088571429,No
Spain,PP,Horticulture,Listed,Ailanthus altissima,Flowering plants (Didcots),Plant,Seeds only,0.173333333,No
Spain,PP,Horticulture,Listed,Ailanthus altissima,Flowering plants (Didcots),Plant,Seeds only,0.295,No
Italy,OR,Horticulture,Listed,Ailanthus altissima,Flowering plants (Didcots),Plant,Adults only,,No
Italy,OR,Horticulture,Listed,Ailanthus altissima,Flowering plants (Didcots),Plant,Adults only,,No
Italy,OR,Horticulture,Listed,Ailanthus altissima,Flowering plants (Didcots),Plant,Adults only,,In part
Italy,OR,Horticulture,Listed,Ailanthus altissima,Flowering plants (Didcots),Plant,Adults only,,No
Italy,OR,Horticulture,Listed,Ailanthus altissima,Flowering plants (Didcots),Plant,Adults only,,No
Italy,OR,Both,Listed,Ailanthus altissima,Flowering plants (Didcots),Plant,Seeds only,0.0345,No
Italy,OR,Both,Listed,Ailanthus altissima,Flowering plants (Didcots),Plant,Adults only,0.099933333,No
Italy,OR,Horticulture,Listed,Ailanthus altissima,Flowering plants (Didcots),Plant,Seeds only,0.165,No
Italy,PP,Horticulture,Listed,Ailanthus altissima,Flowering plants (Didcots),Plant,Seeds only,0.12,No
International,OR,Both,Listed,Ailanthus altissima,Flowering plants (Didcots),Plant,Juveniles only,10.172514,No
International,OR,Both,Listed,Ailanthus altissima,Flowering plants (Didcots),Plant,Seeds only,0.04911192,No
Czechia,PP,Both,Listed,Alopochen aegyptiacus,Birds,Animal,Adults only,35.343,Unknown
Czechia,PP,Both,Listed,Alopochen aegyptiacus,Birds,Animal,Adults and juveniles,31.416,Unknown
Czechia,PP,Both,Listed,Alopochen aegyptiacus,Birds,Animal,Adults only,,No
Netherlands,PP,Both,Listed,Alopochen aegyptiacus,Birds,Animal,Adults only,30,No
Italy,OR,Pet/aquarium,Listed,Alopochen aegyptiacus,Birds,Animal,Unknown,,No
Spain,OR,Horticulture,Listed,Alternanthera philoxeroides,Aquatic plants,Plant,,,No
Spain,OR,Pet/aquarium,Proposed,Ameiurus melas,Fishes,Animal,,,Yes
Germany,OR,Pet/aquarium,Proposed,Ameiurus nebulosus,Fishes,Animal,Adults only,5.99,No
Germany,OR,Pet/aquarium,Proposed,Ameiurus nebulosus,Fishes,Animal,Adults only,3.995,No
Germany,OR,Pet/aquarium,Proposed,Ameiurus nebulosus,Fishes,Animal,Adults only,5.49,No
Germany,OR,Pet/aquarium,Proposed,Ameiurus nebulosus,Fishes,Animal,Adults only,3.2,No
Germany,OR,Pet/aquarium,Proposed,Ameiurus nebulosus,Fishes,Animal,Adults only,,No
Germany,PP,Both,Proposed,Ameiurus spp.,Fishes,Animal,Adults only,2,No
Germany,PP,Both,Proposed,Ameiurus spp.,Fishes,Animal,Adults only,,No
Germany,PP,Both,Proposed,Ameiurus spp.,Fishes,Animal,Adults only,10,No
Germany,PP,Both,Proposed,Ameiurus spp.,Fishes,Animal,Adults only,7,No
Germany,PP,Both,Proposed,Ameiurus spp.,Fishes,Animal,Adults only,,No
Germany,PP,Both,Proposed,Ameiurus spp.,Fishes,Animal,Adults only,3,No
Germany,PP,Both,Proposed,Ameiurus spp.,Fishes,Animal,Adults only,4,No
Italy,OR,Horticulture,Listed,Andropogon virginicus,Flowering plants (Monocots),Plant,Adults only,6,No
Czechia,PP,Both,Listed,Asclepias syriaca,Flowering plants (Didcots),Plant,Seeds only,0.03927,No
Czechia,OR,Horticulture,Listed,Asclepias syriaca,Flowering plants (Didcots),Plant,Seeds only,0.058905,No
Czechia,OR,Horticulture,Listed,Asclepias syriaca,Flowering plants (Didcots),Plant,Seeds only,0.0490875,No
Czechia,OR,Both,Listed,Asclepias syriaca,Flowering plants (Didcots),Plant,Seeds only,0.0569415,No
Czechia,OR,Horticulture,Listed,Asclepias syriaca,Flowering plants (Didcots),Plant,Seeds only,0.0490875,No
Czechia,OR,Both,Listed,Asclepias syriaca,Flowering plants (Didcots),Plant,Seeds only,0.0001,No
Germany,OR,Horticulture,Listed,Asclepias syriaca,Flowering plants (Didcots),Plant,Seeds only,0.0111,No
Germany,OR,Horticulture,Listed,Asclepias syriaca,Flowering plants (Didcots),Plant,Unknown,,Yes
Germany,PP,Both,Listed,Asclepias syriaca,Flowering plants (Didcots),Plant,Other with reproduction potential,4,No
Germany,PP,Both,Listed,Asclepias syriaca,Flowering plants (Didcots),Plant,Seeds only,0.0675,
Germany,OR,Horticulture,Listed,Asclepias syriaca,Flowering plants (Didcots),Plant,Seeds only,0.083333333,
France,OR,Horticulture,Listed,Asclepias syriaca,Flowering plants (Didcots),Plant,Unknown,6.9,No
France,OR,Horticulture,Listed,Asclepias syriaca,Flowering plants (Didcots),Plant,Unknown,5.65,No
France,OR,Horticulture,Listed,Asclepias syriaca,Flowering plants (Didcots),Plant,Juveniles only,3.6,No
France,OR,Horticulture,Listed,Asclepias syriaca,Flowering plants (Didcots),Plant,Seeds only,0.0395,No
France,OR,Horticulture,Listed,Asclepias syriaca,Flowering plants (Didcots),Plant,Seeds only,0.0307,No
France,OR,Horticulture,Listed,Asclepias syriaca,Flowering plants (Didcots),Plant,Seeds only,0.0251,No
France,OR,Horticulture,Listed,Asclepias syriaca,Flowering plants (Didcots),Plant,Juveniles only,4,"""Harvest the fruits before maturity to avoid reseeding, asclepias can be invasive. """
France,PP,Horticulture,Listed,Asclepias syriaca,Flowering plants (Didcots),Plant,Juveniles only,2,"""Fast growing and can become invasive (reseeds itself)"""
France,PP,Horticulture,Listed,Asclepias syriaca,Flowering plants (Didcots),Plant,Unknown,5,No
France,PP,Horticulture,Listed,Asclepias syriaca,Flowering plants (Didcots),Plant,Juveniles only,4,No
France,PP,Horticulture,Listed,Asclepias syriaca,Flowering plants (Didcots),Plant,Seeds only,1,No
Netherlands,OR,Both,Listed,Asclepias syriaca,Flowering plants (Didcots),Plant,Seeds only,0.0153,No
Netherlands,PP,Both,Listed,Asclepias syriaca,Flowering plants (Didcots),Plant,Adults only,,"in description: 'grows fast (woekert), needs to be cut regularely'"
Spain,PP,Horticulture,Listed,Asclepias syriaca,Flowering plants (Didcots),Plant,Seeds only,0.0296,No
Spain,PP,Horticulture,Listed,Asclepias syriaca,Flowering plants (Didcots),Plant,Seeds only,0.28825,No
Spain,OR,Both,Listed,Asclepias syriaca,Flowering plants (Didcots),Plant,Seeds only,0.053226048,No
Spain,PP,Horticulture,Listed,Asclepias syriaca,Flowering plants (Didcots),Plant,Seeds only,0.27475,No
Spain,PP,Horticulture,Listed,Asclepias syriaca,Flowering plants (Didcots),Plant,Seeds only,0.11025,No
Spain,PP,Horticulture,Listed,Asclepias syriaca,Flowering plants (Didcots),Plant,Seeds only,0.1353456,No
Spain,PP,Horticulture,Listed,Asclepias syriaca,Flowering plants (Didcots),Plant,Seeds only,0.189,No
Spain,PP,Horticulture,Listed,Asclepias syriaca,Flowering plants (Didcots),Plant,Seeds only,0.02704104,No
Spain,PP,Horticulture,Listed,Asclepias syriaca,Flowering plants (Didcots),Plant,Seeds only,0.07194096,No
Spain,PP,Horticulture,Listed,Asclepias syriaca,Flowering plants (Didcots),Plant,Seeds only,0.03378024,No
Spain,PP,Horticulture,Listed,Asclepias syriaca,Flowering plants (Didcots),Plant,Seeds only,0.03,No
Spain,PP,Horticulture,Listed,Asclepias syriaca,Flowering plants (Didcots),Plant,Seeds only,0.0675,No
Spain,PP,Horticulture,Listed,Asclepias syriaca,Flowering plants (Didcots),Plant,Seeds only,0.02868372,No
Spain,PP,Horticulture,Listed,Asclepias syriaca,Flowering plants (Didcots),Plant,Seeds only,,No
Spain,PP,Horticulture,Listed,Asclepias syriaca,Flowering plants (Didcots),Plant,Seeds only,0.008424,No
Italy,OR,Horticulture,Listed,Asclepias syriaca,Flowering plants (Didcots),Plant,Seeds only,0.3,No
Italy,OR,Both,Listed,Asclepias syriaca,Flowering plants (Didcots),Plant,Seeds only,0.0479,No
Italy,PP,Horticulture,Listed,Asclepias syriaca,Flowering plants (Didcots),Plant,Seeds only,0.033333333,No
International,OR,Both,Listed,Asclepias syriaca,Flowering plants (Didcots),Plant,Seeds only,0.0427269,No
International,OR,Both,Listed,Asclepias syriaca,Flowering plants (Didcots),Plant,Seeds only,0.03479112,No
International,OR,Both,Listed,Asclepias syriaca,Flowering plants (Didcots),Plant,Seeds only,0.0277992,No
International,OR,Both,Listed,Asclepias syriaca,Flowering plants (Didcots),Plant,Seeds only,0.02383992,No
International,OR,Both,Listed,Asclepias syriaca,Flowering plants (Didcots),Plant,Seeds only,0.138996,No
International,OR,Both,Listed,Asclepias syriaca,Flowering plants (Didcots),Plant,Seeds only,0.05357664,No
International,OR,Both,Listed,Asclepias syriaca,Flowering plants (Didcots),Plant,Seeds only,0.2497716,No
International,OR,Both,Listed,Asclepias syriaca,Flowering plants (Didcots),Plant,Seeds only,0.03841344,No
Germany,OR,Horticulture,Listed,Baccharis halimifolia,Flowering plants (Didcots),Plant,Plants,7.49,No
France,OR,Horticulture,Listed,Baccharis halimifolia,Flowering plants (Didcots),Plant,Unknown,18.99,No
France,OR,Horticulture,Listed,Baccharis halimifolia,Flowering plants (Didcots),Plant,Juveniles only,30.2,No
France,OR,Horticulture,Listed,Baccharis halimifolia,Flowering plants (Didcots),Plant,Juveniles only,4.5,No
France,OR,Horticulture,Listed,Baccharis halimifolia,Flowering plants (Didcots),Plant,Juveniles only,,No
France,OR,Horticulture,Listed,Baccharis halimifolia,Flowering plants (Didcots),Plant,Juveniles only,13.75,No
Italy,OR,Horticulture,Listed,Baccharis halimifolia,Flowering plants (Didcots),Plant,Adults only,,No
Germany,OR,Pet/aquarium,Listed,Cabomba caroliniana,Aquatic plants,Plant,Adults only,3.57,No
France,PP,Horticulture,Listed,Cabomba caroliniana,Aquatic plants,Plant,Juveniles only,1.666666667,No
France,PP,Horticulture,Listed,Cabomba caroliniana,Aquatic plants,Plant,Unknown,2,No
France,OR,Pet/aquarium,Listed,Cabomba caroliniana,Aquatic plants,Plant,Adults only,4.82,No
France,OR,Pet/aquarium,Listed,Cabomba caroliniana,Aquatic plants,Plant,Adults only,,No
Netherlands,OR,Horticulture,Listed,Cabomba caroliniana,Aquatic plants,Plant,Adults only,3.62,No
Netherlands,OR,Pet/aquarium,Listed,Cabomba caroliniana,Aquatic plants,Plant,Other with reproduction potential,3.95,No
Netherlands,OR,Both,Listed,Cabomba caroliniana,Aquatic plants,Plant,Unknown,6.15,No
Spain,OR,Both,Listed,Cabomba caroliniana,Aquatic plants,Plant,Adults only,4.262,No
Spain,PP,Horticulture,Listed,Cabomba caroliniana,Aquatic plants,Plant,Other with reproduction potential,5,No
Spain,PP,Both,Listed,Cabomba caroliniana,Aquatic plants,Plant,Adults only,0.166666667,No
Spain,PP,Both,Listed,Cabomba caroliniana,Aquatic plants,Plant,Adults only,0.5,No
Italy,PP,Horticulture,Listed,Cabomba caroliniana,Aquatic plants,Plant,Adults only,1,No
Italy,OR,Pet/aquarium,Listed,Cabomba caroliniana,Aquatic plants,Plant,Unknown,3.84,No
Italy,OR,Pet/aquarium,Listed,Cabomba caroliniana,Aquatic plants,Plant,Unknown,2.5,No
Italy,OR,Pet/aquarium,Listed,Cabomba caroliniana,Aquatic plants,Plant,Unknown,5,No
Italy,OR,Pet/aquarium,Listed,Cabomba caroliniana,Aquatic plants,Plant,Unknown,4.516666667,No
Italy,OR,Pet/aquarium,Listed,Cabomba caroliniana,Aquatic plants,Plant,Unknown,3.5,No
Italy,OR,Pet/aquarium,Listed,Cabomba caroliniana,Aquatic plants,Plant,Unknown,3.8,No
International,OR,Pet/aquarium,Listed,Cabomba caroliniana,Aquatic plants,Plant,Adults only,2.329494,No
International,OR,Both,Listed,Cabomba caroliniana,Aquatic plants,Plant,Adults only,4.483398,No
Germany,PP,Pet/aquarium,Proposed,Callosciurus finlaysonii,Mammals,Animal,Adults only,150,No
Italy,PP,Both,Proposed,Callosciurus finlaysonii,Mammals,Animal,Juveniles only,200,No
Italy,PP,Pet/aquarium,Proposed,Callosciurus finlaysonii,Mammals,Animal,Unknown,,No
Italy,OR,Pet/aquarium,Proposed,Callosciurus finlaysonii,Mammals,Animal,Unknown,,No
Germany,OR,Horticulture,Listed,Cardiospermum grandiflorum,Flowering plants (Didcots),Plant,Seeds only,,Yes
Germany,PP,Both,Listed,Cardiospermum grandiflorum,Flowering plants (Didcots),Plant,Adults only,1,No
Czechia,OR,Horticulture,Proposed,Celastrus orbiculatus,Flowering plants (Didcots),Plant,Adults only,7.0686,No
Germany,OR,Horticulture,Proposed,Celastrus orbiculatus,Flowering plants (Didcots),Plant,Seeds only,,No
Germany,OR,Horticulture,Proposed,Celastrus orbiculatus,Flowering plants (Didcots),Plant,Juveniles only,6.45,No
Germany,OR,Horticulture,Proposed,Celastrus orbiculatus,Flowering plants (Didcots),Plant,Adults only,44.76,No
Germany,OR,Horticulture,Proposed,Celastrus orbiculatus,Flowering plants (Didcots),Plant,Adults only,12.95,No
Germany,OR,Horticulture,Proposed,Celastrus orbiculatus,Flowering plants (Didcots),Plant,Adults only,41.7,No
Germany,OR,Horticulture,Proposed,Celastrus orbiculatus,Flowering plants (Didcots),Plant,Adults only,17.85,No
Germany,OR,Horticulture,Proposed,Celastrus orbiculatus,Flowering plants (Didcots),Plant,Adults only,13.95,No
Germany,OR,Horticulture,Proposed,Celastrus orbiculatus,Flowering plants (Didcots),Plant,Adults only,8.5,No
Germany,OR,Horticulture,Proposed,Celastrus orbiculatus,Flowering plants (Didcots),Plant,Adults only,13.99,No
Germany,OR,Horticulture,Proposed,Celastrus orbiculatus,Flowering plants (Didcots),Plant,Adults only,44.15,No
Germany,OR,Horticulture,Proposed,Celastrus orbiculatus,Flowering plants (Didcots),Plant,Adults only,12.95,No
France,OR,Horticulture,Proposed,Celastrus orbiculatus,Flowering plants (Didcots),Plant,Adults only,18.9,No
France,OR,Horticulture,Proposed,Celastrus orbiculatus,Flowering plants (Didcots),Plant,Unknown,29,No
France,OR,Horticulture,Proposed,Celastrus orbiculatus,Flowering plants (Didcots),Plant,Unknown,,No
France,OR,Horticulture,Proposed,Celastrus orbiculatus,Flowering plants (Didcots),Plant,Unknown,,No
France,OR,Horticulture,Proposed,Celastrus orbiculatus,Flowering plants (Didcots),Plant,Seeds only,0.1565,No
France,OR,Horticulture,Proposed,Celastrus orbiculatus,Flowering plants (Didcots),Plant,Seeds only,0.5175,No
France,OR,Horticulture,Proposed,Celastrus orbiculatus,Flowering plants (Didcots),Plant,Seeds only,0.5996,No
Netherlands,OR,Horticulture,Proposed,Celastrus orbiculatus,Flowering plants (Didcots),Plant,Adults only,16.965,No
Netherlands,OR,Horticulture,Proposed,Celastrus orbiculatus,Flowering plants (Didcots),Plant,Adults only,10.29,No
Netherlands,OR,Both,Proposed,Celastrus orbiculatus,Flowering plants (Didcots),Plant,Adults only,9.99,No
Netherlands,OR,Both,Proposed,Celastrus orbiculatus,Flowering plants (Didcots),Plant,Seeds only,0.075,No
Netherlands,OR,Horticulture,Proposed,Celastrus orbiculatus,Flowering plants (Didcots),Plant,Adults only,10,No
Netherlands,OR,Horticulture,Proposed,Celastrus orbiculatus,Flowering plants (Didcots),Plant,Adults only,10,No
Netherlands,OR,Horticulture,Proposed,Celastrus orbiculatus,Flowering plants (Didcots),Plant,Adults only,10,No
Netherlands,OR,Horticulture,Proposed,Celastrus orbiculatus,Flowering plants (Didcots),Plant,Adults only,12.5,No
Netherlands,OR,Horticulture,Proposed,Celastrus orbiculatus,Flowering plants (Didcots),Plant,Adults only,11,No
Netherlands,OR,Horticulture,Proposed,Celastrus orbiculatus,Flowering plants (Didcots),Plant,Adults only,20.95,No
Netherlands,OR,Horticulture,Proposed,Celastrus orbiculatus,Flowering plants (Didcots),Plant,Adults only,12.75,No
Spain,OR,Both,Proposed,Celastrus orbiculatus,Flowering plants (Didcots),Plant,Seeds only,0.643,No
Spain,OR,Both,Proposed,Celastrus orbiculatus,Flowering plants (Didcots),Plant,Seeds only,0.17075,No
Spain,PP,Horticulture,Proposed,Celastrus orbiculatus,Flowering plants (Didcots),Plant,Adults only,10,No
Spain,PP,Horticulture,Proposed,Celastrus orbiculatus,Flowering plants (Didcots),Plant,Adults only,10,No
Italy,OR,Horticulture,Proposed,Celastrus orbiculatus,Flowering plants (Didcots),Plant,Adults only,,No
Italy,OR,Horticulture,Proposed,Celastrus orbiculatus,Flowering plants (Didcots),Plant,Adults only,19,No
Italy,OR,Horticulture,Proposed,Celastrus orbiculatus,Flowering plants (Didcots),Plant,Adults only,,No
Italy,OR,Both,Proposed,Celastrus orbiculatus,Flowering plants (Didcots),Plant,Seeds only,2.996,No
International,OR,Both,Proposed,Celastrus orbiculatus,Flowering plants (Didcots),Plant,Seeds only,0.1837842,No
International,OR,Both,Proposed,Celastrus orbiculatus,Flowering plants (Didcots),Plant,Juveniles only,19.66608,No
International,OR,Both,Proposed,Celastrus orbiculatus,Flowering plants (Didcots),Plant,Juveniles only,19.66608,No
International,OR,Both,Proposed,Celastrus orbiculatus,Flowering plants (Didcots),Plant,Juveniles only,11.097288,No
Germany,PP,Both,Proposed,Channa argus,Fishes,Animal,Adults only,85,No
International,OR,Both,Listed,Cortaderia jubata,Flowering plants (Monocots),Plant,Seeds only,,No
Czechia,PP,Both,Listed,Eichhornia crassipes,Aquatic plants,Plant,Unknown,3.1416,No
Czechia,PP,Both,Listed,Eichhornia crassipes,Aquatic plants,Plant,Unknown,3.927,No
Czechia,OR,Both,Listed,Eichhornia crassipes,Aquatic plants,Plant,Adults only,1.76715,Yes
Czechia,OR,Both,Listed,Eichhornia crassipes,Aquatic plants,Plant,Seeds only,,No
Germany,OR,Horticulture,Listed,Eichhornia crassipes,Aquatic plants,Plant,Seeds only,0.002126471,
Germany,OR,Horticulture,Listed,Eichhornia crassipes,Aquatic plants,Plant,Adults only,0.61,-
Germany,PP,Both,Listed,Eichhornia crassipes,Aquatic plants,Plant,Adults only,3.833333333,
Germany,OR,Both,Listed,Eichhornia crassipes,Aquatic plants,Plant,Seeds only,0.07435,No
Germany,OR,Both,Listed,Eichhornia crassipes,Aquatic plants,Plant,Seeds only,0.1083,No
Germany,OR,Pet/aquarium,Listed,Eichhornia crassipes,Aquatic plants,Plant,Adults only,3.9,Yes
France,OR,Horticulture,Listed,Eichhornia crassipes,Aquatic plants,Plant,Unknown,8.9,"""Caution: floating plants can easily become invasive. Too numerous, they prevent the light from reaching the submerged plants, often useful for the oxygenation of the water, and the fish. It is therefore necessary to control their development."""
France,OR,Horticulture,Listed,Eichhornia crassipes,Aquatic plants,Plant,Seeds only,0.0216,No
France,OR,Horticulture,Listed,Eichhornia crassipes,Aquatic plants,Plant,Seeds only,0.0329,No
France,OR,Horticulture,Listed,Eichhornia crassipes,Aquatic plants,Plant,Seeds only,0.027,No
France,OR,Horticulture,Listed,Eichhornia crassipes,Aquatic plants,Plant,Seeds only,0.0307,No
France,OR,Horticulture,Listed,Eichhornia crassipes,Aquatic plants,Plant,Unknown,6.833333333,No
France,PP,Horticulture,Listed,Eichhornia crassipes,Aquatic plants,Plant,Unknown,2,No
France,PP,Horticulture,Listed,Eichhornia crassipes,Aquatic plants,Plant,Unknown,2.5,No
France,OR,Pet/aquarium,Listed,Eichhornia crassipes,Aquatic plants,Plant,Adults only,5.01,Yes
France,OR,Pet/aquarium,Listed,Eichhornia crassipes,Aquatic plants,Plant,Seeds only,56.88888889,No
France,OR,Pet/aquarium,Listed,Eichhornia crassipes,Aquatic plants,Plant,Seeds only,0.0399,No
France,OR,Pet/aquarium,Listed,Eichhornia crassipes,Aquatic plants,Plant,Seeds only,,No
France,OR,Pet/aquarium,Listed,Eichhornia crassipes,Aquatic plants,Plant,Seeds only,0.0955,No
France,PP,Pet/aquarium,Listed,Eichhornia crassipes,Aquatic plants,Plant,Adults only,3,No
Netherlands,PP,Both,Listed,Eichhornia crassipes,Aquatic plants,Plant,Adults only,2.29,No
Netherlands,PP,Both,Listed,Eichhornia crassipes,Aquatic plants,Plant,Other with reproduction potential,,No
Netherlands,PP,Both,Listed,Eichhornia crassipes,Aquatic plants,Plant,Other with reproduction potential,,No
Spain,OR,Both,Listed,Eichhornia crassipes,Aquatic plants,Plant,Seeds only,0.1081,No
Spain,PP,Horticulture,Listed,Eichhornia crassipes,Aquatic plants,Plant,Adults only,3.33,No
Italy,OR,Horticulture,Listed,Eichhornia crassipes,Aquatic plants,Plant,Adults only,,No
Italy,OR,Horticulture,Listed,Eichhornia crassipes,Aquatic plants,Plant,Adults only,,Yes
Italy,OR,Horticulture,Listed,Eichhornia crassipes,Aquatic plants,Plant,Adults only,1.43,Yes
Italy,OR,Horticulture,Listed,Eichhornia crassipes,Aquatic plants,Plant,Adults only,,No
Italy,OR,Horticulture,Listed,Eichhornia crassipes,Aquatic plants,Plant,Adults only,,No
Italy,OR,Horticulture,Listed,Eichhornia crassipes,Aquatic plants,Plant,Adults only,6,Yes
Italy,OR,Both,Listed,Eichhornia crassipes,Aquatic plants,Plant,Adults only,3.6,No
Italy,OR,Horticulture,Listed,Eichhornia crassipes,Aquatic plants,Plant,Adults only,,No
Italy,OR,Horticulture,Listed,Eichhornia crassipes,Aquatic plants,Plant,Adults only,,No
Italy,OR,Both,Listed,Eichhornia crassipes,Aquatic plants,Plant,Seeds only,0.0432,No
Italy,PP,Horticulture,Listed,Eichhornia crassipes,Aquatic plants,Plant,Adults only,5,No
Italy,OR,Pet/aquarium,Listed,Eichhornia crassipes,Aquatic plants,Plant,Unknown,3.48,No
Italy,OR,Pet/aquarium,Listed,Eichhornia crassipes,Aquatic plants,Plant,Unknown,3.5,No
Italy,OR,Pet/aquarium,Listed,Eichhornia crassipes,Aquatic plants,Plant,Unknown,3.52,Yes
Italy,OR,Pet/aquarium,Listed,Eichhornia crassipes,Aquatic plants,Plant,Unknown,6,No
Italy,OR,Pet/aquarium,Listed,Eichhornia crassipes,Aquatic plants,Plant,Unknown,7.5,No
Italy,OR,Pet/aquarium,Listed,Eichhornia crassipes,Aquatic plants,Plant,Unknown,4,No
Italy,OR,Pet/aquarium,Listed,Eichhornia crassipes,Aquatic plants,Plant,Unknown,5.04,No
International,OR,Both,Listed,Eichhornia crassipes,Aquatic plants,Plant,Seeds only,0.07234308,No
International,OR,Both,Listed,Eichhornia crassipes,Aquatic plants,Plant,Seeds only,0.03734214,No
International,OR,Both,Listed,Eichhornia crassipes,Aquatic plants,Plant,Adults only,3.5118,No
Germany,OR,Horticulture,Listed,Elodea nuttallii,Aquatic plants,Plant,Adults only,5.33,No
Netherlands,PP,Both,Listed,Elodea nuttallii,Aquatic plants,Plant,Adults only,1.5,"in description: 'grows fast, needs to be cut regularely'"
Netherlands,OR,Horticulture,Listed,Elodea nuttallii,Aquatic plants,Plant,Adults only,3.25,No
Netherlands,PP,Both,Listed,Elodea nuttallii,Aquatic plants,Plant,Other with reproduction potential,0.15,No
Spain,PP,Both,Listed,Elodea nuttallii,Aquatic plants,Plant,Adults only,0.75,No
Spain,PP,Both,Listed,Elodea nuttallii,Aquatic plants,Plant,Adults only,1,No
Spain,PP,Both,Listed,Elodea nuttallii,Aquatic plants,Plant,Adults only,5,No
Spain,OR,Pet/aquarium,Proposed,Fundulus heteroclitus,Fishes,Animal,,,Yes
France,OR,Pet/aquarium,Proposed,Gambusia affinis,Fishes,Animal,Adults only,2.77,No
France,OR,Pet/aquarium,Proposed,Gambusia affinis,Fishes,Animal,Adults only,3.1,No
France,OR,Pet/aquarium,Proposed,Gambusia affinis,Fishes,Animal,Adults only,2.79,No
France,OR,Pet/aquarium,Proposed,Gambusia affinis,Fishes,Animal,Adults only,1.65,Yes
France,OR,Pet/aquarium,Proposed,Gambusia affinis,Fishes,Animal,Adults only,,No
Spain,PP,Both,Proposed,Gambusia affinis,Fishes,Animal,Adults only,1,No
Spain,PP,Pet/aquarium,Proposed,Gambusia affinis,Fishes,Animal,Adults only,,No
Germany,PP,Both,Proposed,Gambusia holbrooki,Fishes,Animal,Adults only,2,No
Spain,OR,Pet/aquarium,Proposed,Gambusia holbrooki,Fishes,Animal,,,Yes
Italy,PP,Pet/aquarium,Proposed,Gambusia spp.,Fishes,Animal,Adults only,,No
Italy,PP,Pet/aquarium,Proposed,Gambusia spp.,Fishes,Animal,Adults only,,No
Italy,OR,Pet/aquarium,Proposed,Gambusia spp.,Fishes,Animal,Adults only,3,No
Italy,OR,Pet/aquarium,Proposed,Gambusia spp.,Fishes,Animal,Adults only,5.87,No
Italy,OR,Pet/aquarium,Proposed,Gambusia spp.,Fishes,Animal,Unknown,2.2,No
Italy,OR,Pet/aquarium,Proposed,Gambusia spp.,Fishes,Animal,Adults only,2.5,No
Italy,OR,Pet/aquarium,Proposed,Gambusia spp.,Fishes,Animal,Adults only,3.82,No
Czechia,PP,Both,Listed,Gunnera tinctoria,Flowering plants (Didcots),Plant,Adults only,8.83575,No
Germany,OR,Horticulture,Listed,Gunnera tinctoria,Flowering plants (Didcots),Plant,unknown,,Yes
Germany,OR,Horticulture,Listed,Gunnera tinctoria,Flowering plants (Didcots),Plant,Adults only,11.45,No
Germany,OR,Horticulture,Listed,Gunnera tinctoria,Flowering plants (Didcots),Plant,Adults only,8.1,No
Germany,PP,Both,Listed,Gunnera tinctoria,Flowering plants (Didcots),Plant,Seeds only,0.132666667,
Germany,OR,Horticulture,Listed,Gunnera tinctoria,Flowering plants (Didcots),Plant,Seeds only,,
France,OR,Horticulture,Listed,Gunnera tinctoria,Flowering plants (Didcots),Plant,Juveniles only,16,No
France,OR,Horticulture,Listed,Gunnera tinctoria,Flowering plants (Didcots),Plant,Seeds only,1.499,No
Netherlands,OR,Horticulture,Listed,Gunnera tinctoria,Flowering plants (Didcots),Plant,Adults only,23.95,No
Netherlands,OR,Horticulture,Listed,Gunnera tinctoria,Flowering plants (Didcots),Plant,Adults only,6.905,No
Netherlands,OR,Horticulture,Listed,Gunnera tinctoria,Flowering plants (Didcots),Plant,Seeds only,0.125,No
Netherlands,OR,Horticulture,Listed,Gunnera tinctoria,Flowering plants (Didcots),Plant,Adults only,3.44,No
Netherlands,PP,Both,Listed,Gunnera tinctoria,Flowering plants (Didcots),Plant,Adults only,10,No
Spain,OR,Both,Listed,Gunnera tinctoria,Flowering plants (Didcots),Plant,Seeds only,1.499,No
Italy,PP,Horticulture,Listed,Gunnera tinctoria,Flowering plants (Didcots),Plant,Seeds only,0.671,No
International,OR,Both,Listed,Gunnera tinctoria,Flowering plants (Didcots),Plant,Adults only,5.55984,No
International,OR,Both,Listed,Gunnera tinctoria,Flowering plants (Didcots),Plant,Adults only,26.3385,No
Czechia,OR,Both,Listed,Gymnocoronis spilanthoides,Aquatic plants,Plant,Adults only,2.82744,No
Czechia,OR,Both,Listed,Gymnocoronis spilanthoides,Aquatic plants,Plant,Adults only,2.82744,No
Czechia,OR,Both,Listed,Gymnocoronis spilanthoides,Aquatic plants,Plant,Adults only,1.80642,No
Germany,PP,Both,Listed,Gymnocoronis spilanthoides,Aquatic plants,Plant,Adults only,0.39,
Germany,OR,Pet/aquarium,Listed,Gymnocoronis spilanthoides,Aquatic plants,Plant,Adults only,3.05,Yes
Germany,OR,Pet/aquarium,Listed,Gymnocoronis spilanthoides,Aquatic plants,Plant,Adults only,3.56,Yes
Germany,OR,Pet/aquarium,Listed,Gymnocoronis spilanthoides,Aquatic plants,Plant,Adults only,2.12,No
Germany,OR,Pet/aquarium,Listed,Gymnocoronis spilanthoides,Aquatic plants,Plant,Adults only,2.09,No
Germany,OR,Both,Listed,Gymnocoronis spilanthoides,Aquatic plants,Plant,Adults only,3.99,No
France,OR,Pet/aquarium,Listed,Gymnocoronis spilanthoides,Aquatic plants,Plant,Adults only,3.6,No
France,OR,Pet/aquarium,Listed,Gymnocoronis spilanthoides,Aquatic plants,Plant,Adults only,3.76,No
France,OR,Pet/aquarium,Listed,Gymnocoronis spilanthoides,Aquatic plants,Plant,Adults only,3.45,No
France,OR,Pet/aquarium,Listed,Gymnocoronis spilanthoides,Aquatic plants,Plant,Adults only,2.8,No
Netherlands,PP,Both,Listed,Gymnocoronis spilanthoides,Aquatic plants,Plant,Adults only,3.2,"in description: 'grows fast, needs to be cut regularely'"
Netherlands,OR,Pet/aquarium,Listed,Gymnocoronis spilanthoides,Aquatic plants,Plant,Other with reproduction potential,3.95,No
Spain,OR,Pet/aquarium,Listed,Gymnocoronis spilanthoides,Aquatic plants,Plant,Adults only,,No
Spain,OR,Pet/aquarium,Listed,Gymnocoronis spilanthoides,Aquatic plants,Plant,Adults only,3.5,No
Spain,PP,Horticulture,Listed,Gymnocoronis spilanthoides,Aquatic plants,Plant,Adults only,6.1,No
Italy,OR,Horticulture,Listed,Gymnocoronis spilanthoides,Aquatic plants,Plant,Adults only,4.5,No
Italy,OR,Both,Listed,Gymnocoronis spilanthoides,Aquatic plants,Plant,Adults only,4.56,No
International,OR,Both,Listed,Gymnocoronis spilanthoides,Aquatic plants,Plant,Adults only,3.861029,No
International,OR,Both,Listed,Gymnocoronis spilanthoides,Aquatic plants,Plant,Adults only,5.148689,No
Netherlands,PP,Both,Listed,Heracleum mantegazzianum,Flowering plants (Didcots),Plant,Other with reproduction potential,10,No
Czechia,OR,Horticulture,Listed,Humulus scandens,Flowering plants (Didcots),Plant,Seeds only,0.14586,No
Czechia,OR,Horticulture,Listed,Humulus scandens,Flowering plants (Didcots),Plant,Seeds only,,No
Czechia,OR,Horticulture,Listed,Humulus scandens,Flowering plants (Didcots),Plant,Seeds only,0.03927,No
Czechia,OR,Horticulture,Listed,Humulus scandens,Flowering plants (Didcots),Plant,Seeds only,0.047328204,No
Czechia,OR,Both,Listed,Humulus scandens,Flowering plants (Didcots),Plant,Seeds only,0.182325,No
Germany,OR,Horticulture,Listed,Humulus scandens,Flowering plants (Didcots),Plant,Seeds only,0.0895,
France,OR,Horticulture,Listed,Humulus scandens,Flowering plants (Didcots),Plant,Seeds only,,No
France,PP,Horticulture,Listed,Humulus scandens,Flowering plants (Didcots),Plant,Juveniles only,5,No
Netherlands,OR,Horticulture,Listed,Humulus scandens,Flowering plants (Didcots),Plant,Seeds only,0.059,No
Spain,OR,Both,Listed,Humulus scandens,Flowering plants (Didcots),Plant,Seeds only,0.733333333,No
Italy,OR,Both,Listed,Humulus scandens,Flowering plants (Didcots),Plant,Seeds only,0.733333333,No
Spain,OR,Horticulture,Listed,Hydrocotyle ranunculoides,Aquatic plants,Plant,,,No
Germany,PP,Horticulture,Listed,Impatiens glandulifera,Flowering plants (Didcots),Plant,Seeds only,,No
France,PP,Horticulture,Listed,Impatiens glandulifera,Flowering plants (Didcots),Plant,Adults only,1,No
France,PP,Horticulture,Listed,Impatiens glandulifera,Flowering plants (Didcots),Plant,Unknown,3,No
France,PP,Horticulture,Listed,Impatiens glandulifera,Flowering plants (Didcots),Plant,Juveniles only,2.5,No
Spain,PP,Horticulture,Listed,Impatiens glandulifera,Flowering plants (Didcots),Plant,Seeds only,0.054,No
Spain,PP,Horticulture,Listed,Impatiens glandulifera,Flowering plants (Didcots),Plant,Seeds only,1.946,No
France,OR,Horticulture,Proposed,Koenigia polystachya,Flowering plants (Didcots),Plant,Juveniles only,4.5,No
Germany,OR,Pet/aquarium,Listed,Lagarosiphon major,Aquatic plants,Plant,Adults only,2.44,Yes
France,OR,Pet/aquarium,Listed,Lagarosiphon major,Aquatic plants,Plant,Adults only,3.76,No
Italy,OR,Horticulture,Listed,Lagarosiphon major,Aquatic plants,Plant,Adults only,4,No
Italy,PP,Horticulture,Listed,Lagarosiphon major,Aquatic plants,Plant,Adults only,7,No
Germany,PP,Pet/aquarium,Proposed,Lampropeltis getula,Reptiles,Animal,Adults only,,No
Germany,PP,Pet/aquarium,Proposed,Lampropeltis getula,Reptiles,Animal,Adults only,,No
Germany,PP,Pet/aquarium,Proposed,Lampropeltis getula,Reptiles,Animal,Adults only,,No
Germany,PP,Pet/aquarium,Proposed,Lampropeltis getula,Reptiles,Animal,Adults only,250,No
Germany,PP,Pet/aquarium,Proposed,Lampropeltis getula,Reptiles,Animal,Adults only,80,No
Germany,PP,Pet/aquarium,Proposed,Lampropeltis getula,Reptiles,Animal,Adults only,,No
Germany,PP,Both,Proposed,Lampropeltis getula,Reptiles,Animal,Adults only,105,No
Germany,PP,Both,Proposed,Lampropeltis getula,Reptiles,Animal,Adults only,50,No
Germany,PP,Both,Proposed,Lampropeltis getula,Reptiles,Animal,Adults only,,No
Germany,PP,Both,Proposed,Lampropeltis getula,Reptiles,Animal,Adults only,,No
Germany,PP,Both,Proposed,Lampropeltis getula,Reptiles,Animal,Adults only,300,No
Germany,PP,Both,Proposed,Lampropeltis getula,Reptiles,Animal,Adults only,225,No
Germany,PP,Both,Proposed,Lampropeltis getula,Reptiles,Animal,Adults only,125,No
Germany,PP,Both,Proposed,Lampropeltis getula,Reptiles,Animal,Adults only,62.5,No
Germany,PP,Both,Proposed,Lampropeltis getula,Reptiles,Animal,Adults only,75,No
France,OR,Pet/aquarium,Proposed,Lampropeltis getula,Reptiles,Animal,Adults only,69,No
France,OR,Pet/aquarium,Proposed,Lampropeltis getula,Reptiles,Animal,Adults only,,No
France,OR,Pet/aquarium,Proposed,Lampropeltis getula,Reptiles,Animal,Adults only,110,No
France,OR,Pet/aquarium,Proposed,Lampropeltis getula,Reptiles,Animal,Adults only,149,No
Netherlands,OR,Pet/aquarium,Proposed,Lampropeltis getula,Reptiles,Animal,Unknown,75,No
Netherlands,OR,Pet/aquarium,Proposed,Lampropeltis getula,Reptiles,Animal,Unknown,65,No
Netherlands,OR,Pet/aquarium,Proposed,Lampropeltis getula,Reptiles,Animal,Unknown,,No
Netherlands,OR,Pet/aquarium,Proposed,Lampropeltis getula,Reptiles,Animal,Unknown,,No
Netherlands,OR,Pet/aquarium,Proposed,Lampropeltis getula,Reptiles,Animal,Unknown,30,No
Netherlands,OR,Pet/aquarium,Proposed,Lampropeltis getula,Reptiles,Animal,Unknown,99,No
Netherlands,PP,Both,Proposed,Lampropeltis getula,Reptiles,Animal,Adults only,120,No
Netherlands,PP,Both,Proposed,Lampropeltis getula,Reptiles,Animal,Juveniles only,280,No
Netherlands,PP,Both,Proposed,Lampropeltis getula,Reptiles,Animal,Juveniles only,200,No
Netherlands,PP,Both,Proposed,Lampropeltis getula,Reptiles,Animal,Juveniles only,,No
Spain,PP,Both,Proposed,Lampropeltis getula,Reptiles,Animal,Adults only,70,No
Spain,OR,Pet/aquarium,Proposed,Lampropeltis getula,Reptiles,Animal,,,No
Spain,OR,Pet/aquarium,Proposed,Lampropeltis getula,Reptiles,Animal,Adults only,248,No
Spain,OR,Pet/aquarium,Proposed,Lampropeltis getula,Reptiles,Animal,Adults only,100,No
Spain,PP,Both,Proposed,Lampropeltis getula,Reptiles,Animal,Juveniles only,139,No
Spain,PP,Both,Proposed,Lampropeltis getula,Reptiles,Animal,Adults only,110,No
Italy,PP,Both,Proposed,Lampropeltis getula,Reptiles,Animal,Unknown,150,No
Italy,PP,Pet/aquarium,Proposed,Lampropeltis getula,Reptiles,Animal,Adults only,,No
Italy,PP,Pet/aquarium,Proposed,Lampropeltis getula,Reptiles,Animal,Adults only,100,No
Italy,PP,Pet/aquarium,Proposed,Lampropeltis getula,Reptiles,Animal,Adults only,100,No
Italy,PP,Pet/aquarium,Proposed,Lampropeltis getula,Reptiles,Animal,Juveniles only,1,No
Italy,PP,Pet/aquarium,Proposed,Lampropeltis getula,Reptiles,Animal,Juveniles only,1,No
Italy,PP,Pet/aquarium,Proposed,Lampropeltis getula,Reptiles,Animal,Adults only,150,No
Italy,PP,Pet/aquarium,Proposed,Lampropeltis getula,Reptiles,Animal,Adults only,50,No
Italy,PP,Pet/aquarium,Proposed,Lampropeltis getula,Reptiles,Animal,Juveniles only,1,No
International,OR,Pet/aquarium,Proposed,Lampropeltis getula,Reptiles,Animal,Adults only,252.72,No
International,OR,Pet/aquarium,Proposed,Lampropeltis getula,Reptiles,Animal,Adults only,134.784,No
International,OR,Pet/aquarium,Proposed,Lampropeltis getula,Reptiles,Animal,Adults only,134.784,No
International,OR,Pet/aquarium,Proposed,Lampropeltis getula,Reptiles,Animal,Juveniles only,117.048294,No
Czechia,OR,Pet/aquarium,Listed,Lepomis gibbosus,Fishes,Animal,Adults and juveniles,2.86671,No
Czechia,PP,Both,Listed,Lepomis gibbosus,Fishes,Animal,Adults and juveniles,,Unknown
Czechia,PP,Both,Listed,Lepomis gibbosus,Fishes,Animal,Adults and juveniles,,Unknown
Czechia,PP,Both,Listed,Lepomis gibbosus,Fishes,Animal,Adults and juveniles,,Unknown
Czechia,PP,Both,Listed,Lepomis gibbosus,Fishes,Animal,Adults and juveniles,,Unknown
Czechia,PP,Both,Listed,Lepomis gibbosus,Fishes,Animal,Adults and juveniles,0.7854,Unknown
Czechia,PP,Both,Listed,Lepomis gibbosus,Fishes,Animal,Adults and juveniles,0.011781,Unknown
Czechia,PP,Both,Listed,Lepomis gibbosus,Fishes,Animal,Adults and juveniles,4.7124,Unknown
Czechia,PP,Both,Listed,Lepomis gibbosus,Fishes,Animal,Adults and juveniles,0.011781,Unknown
Czechia,PP,Both,Listed,Lepomis gibbosus,Fishes,Animal,Adults and juveniles,,Unknown
Czechia,PP,Both,Listed,Lepomis gibbosus,Fishes,Animal,Adults and juveniles,1.1781,Unknown
Czechia,PP,Pet/aquarium,Listed,Lepomis gibbosus,Fishes,Animal,Adults and juveniles,1.9635,No
Czechia,PP,Pet/aquarium,Listed,Lepomis gibbosus,Fishes,Animal,Adults and juveniles,0.58905,No
Germany,OR,Pet/aquarium,Listed,Lepomis gibbosus,Fishes,Animal,Adults only,5.99,No
Germany,OR,Pet/aquarium,Listed,Lepomis gibbosus,Fishes,Animal,Adults only,6.995,No
Germany,OR,Pet/aquarium,Listed,Lepomis gibbosus,Fishes,Animal,Adults only,5.9,No
Germany,OR,Both,Listed,Lepomis gibbosus,Fishes,Animal,Adults only,6.9,No
Germany,PP,Both,Listed,Lepomis gibbosus,Fishes,Animal,Adults only,2.5,No
Germany,PP,Both,Listed,Lepomis gibbosus,Fishes,Animal,Adults only,1,No
Germany,PP,Both,Listed,Lepomis gibbosus,Fishes,Animal,Adults only,3,No
Germany,PP,Both,Listed,Lepomis gibbosus,Fishes,Animal,Adults only,3,No
Germany,PP,Both,Listed,Lepomis gibbosus,Fishes,Animal,Adults only,7,No
Germany,PP,Both,Listed,Lepomis gibbosus,Fishes,Animal,Adults only,4.5,No
Spain,OR,Pet/aquarium,Listed,Lepomis gibbosus,Fishes,Animal,,,Yes
Italy,OR,Pet/aquarium,Listed,Lepomis gibbosus,Fishes,Animal,Unknown,,No
Spain,PP,Horticulture,Listed,Lespedeza cuneata,Flowering plants (Didcots),Plant,Seeds only,,No
Italy,PP,Horticulture,Listed,Lespedeza cuneata,Flowering plants (Didcots),Plant,Seeds only,,No
Italy,OR,Horticulture,Listed,Ludwigia peploides,Aquatic plants,Plant,Adults only,5.5,No
Netherlands,PP,Both,Listed,Lygodium japonicum,Ferns,Plant,Adults only,1.75,No
Italy,OR,Horticulture,Listed,Lygodium japonicum,Ferns,Plant,Adults only,,No
Germany,OR,Horticulture,Listed,Lysichiton americanus,Flowering plants (Monocots),Plant,,,Yes
Germany,OR,Horticulture,Listed,Lysichiton americanus,Flowering plants (Monocots),Plant,Adults only,6,No
Germany,OR,Horticulture,Listed,Lysichiton americanus,Flowering plants (Monocots),Plant,Adults only,11.79,No
Germany,OR,Horticulture,Listed,Lysichiton americanus,Flowering plants (Monocots),Plant,Adults only,5.4,No
Netherlands,PP,Both,Listed,Lysichiton americanus,Flowering plants (Monocots),Plant,Adults only,,No
Italy,OR,Both,Listed,Lysichiton americanus,Flowering plants (Monocots),Plant,Adults only,7.5,No
Czechia,PP,Both,Listed,Myocastor coypus,Mammals,Animal,Adults and juveniles,3.33795,Unknown
Czechia,PP,Both,Listed,Myocastor coypus,Mammals,Animal,Adults and juveniles,11.781,Unknown
Czechia,PP,Both,Listed,Myocastor coypus,Mammals,Animal,Adults and juveniles,,Unknown
Czechia,PP,Both,Listed,Myocastor coypus,Mammals,Animal,Juveniles only,10.6029,Unknown
Czechia,PP,Both,Listed,Myocastor coypus,Mammals,Animal,Adults only,2.94525,Unknown
Czechia,PP,Both,Listed,Myocastor coypus,Mammals,Animal,Adults only,7.854,Unknown
Czechia,PP,Both,Listed,Myocastor coypus,Mammals,Animal,Adults only,,Unknown
Czechia,PP,Both,Listed,Myocastor coypus,Mammals,Animal,Adults only,3.33795,Unknown
Czechia,PP,Both,Listed,Myocastor coypus,Mammals,Animal,Adults only,,Unknown
Czechia,PP,Both,Listed,Myocastor coypus,Mammals,Animal,Adults only,23.562,Unknown
Czechia,PP,Both,Listed,Myocastor coypus,Mammals,Animal,Adults and juveniles,19.635,Unknown
Czechia,PP,Both,Listed,Myocastor coypus,Mammals,Animal,Adults and juveniles,19.635,Unknown
Czechia,PP,Both,Listed,Myocastor coypus,Mammals,Animal,Adults and juveniles,19.635,Unknown
Czechia,PP,Both,Listed,Myocastor coypus,Mammals,Animal,Adults only,,Unknown
Czechia,PP,Both,Listed,Myocastor coypus,Mammals,Animal,Adults and juveniles,8.83575,Unknown
Czechia,PP,Both,Listed,Myocastor coypus,Mammals,Animal,Adults and juveniles,15.708,Unknown
Czechia,PP,Both,Listed,Myocastor coypus,Mammals,Animal,Adults and juveniles,17.6715,Unknown
Czechia,PP,Both,Listed,Myocastor coypus,Mammals,Animal,Adults and juveniles,23.562,Unknown
Czechia,PP,Pet/aquarium,Listed,Myocastor coypus,Mammals,Animal,Adults and juveniles,,No
Czechia,PP,Pet/aquarium,Listed,Myocastor coypus,Mammals,Animal,Adults and juveniles,23.36565,No
Czechia,PP,Pet/aquarium,Listed,Myocastor coypus,Mammals,Animal,Adults and juveniles,,No
Czechia,PP,Pet/aquarium,Listed,Myocastor coypus,Mammals,Animal,Juveniles only,,No
Czechia,PP,Pet/aquarium,Listed,Myocastor coypus,Mammals,Animal,Adults only,13.7445,No
Czechia,PP,Pet/aquarium,Listed,Myocastor coypus,Mammals,Animal,Adults and juveniles,14.72625,No
Czechia,PP,Pet/aquarium,Listed,Myocastor coypus,Mammals,Animal,Adults and juveniles,10.472,No
Czechia,PP,Pet/aquarium,Listed,Myocastor coypus,Mammals,Animal,Adults and juveniles,12.37005,No
Germany,PP,Both,Listed,Myocastor coypus,Mammals,Animal,Adults only,,No
Germany,PP,Both,Listed,Myocastor coypus,Mammals,Animal,Adults only,,No
Czechia,OR,Both,Listed,Myriophyllum aquaticum,Aquatic plants,Plant,Adults only,1.80642,No
Czechia,OR,Both,Listed,Myriophyllum aquaticum,Aquatic plants,Plant,Adults only,2.70963,No
Czechia,OR,Both,Listed,Myriophyllum aquaticum,Aquatic plants,Plant,Adults only,0.90321,No
Czechia,OR,Both,Listed,Myriophyllum aquaticum,Aquatic plants,Plant,Adults only,1.80642,No
Germany,OR,Horticulture,Listed,Myriophyllum aquaticum,Aquatic plants,Plant,Plants,0.2344419,
Germany,OR,Horticulture,Listed,Myriophyllum aquaticum,Aquatic plants,Plant,Plants,,Yes
Germany,OR,Horticulture,Listed,Myriophyllum aquaticum,Aquatic plants,Plant,Plants,,No
Germany,OR,Horticulture,Listed,Myriophyllum aquaticum,Aquatic plants,Plant,Plants,,No
Germany,OR,Horticulture,Listed,Myriophyllum aquaticum,Aquatic plants,Plant,Plants,,No
Germany,OR,Horticulture,Listed,Myriophyllum aquaticum,Aquatic plants,Plant,Adults only,2.325,No
Germany,PP,Both,Listed,Myriophyllum aquaticum,Aquatic plants,Plant,Adults only,6.9,
Germany,OR,Pet/aquarium,Listed,Myriophyllum aquaticum,Aquatic plants,Plant,Adults only,3.2,Yes
Germany,OR,Pet/aquarium,Listed,Myriophyllum aquaticum,Aquatic plants,Plant,Adults only,3.25,No
Germany,OR,Pet/aquarium,Listed,Myriophyllum aquaticum,Aquatic plants,Plant,Adults only,4.99,No
France,OR,Horticulture,Listed,Myriophyllum aquaticum,Aquatic plants,Plant,Unknown,5.99,No
France,PP,Horticulture,Listed,Myriophyllum aquaticum,Aquatic plants,Plant,Unknown,3,"""Very vigorous, it can sometimes prove to be invasive. It should be monitored in your ponds."""
France,OR,Pet/aquarium,Listed,Myriophyllum aquaticum,Aquatic plants,Plant,Adults only,,No
France,OR,Pet/aquarium,Listed,Myriophyllum aquaticum,Aquatic plants,Plant,Adults only,,No
France,PP,Pet/aquarium,Listed,Myriophyllum aquaticum,Aquatic plants,Plant,Adults only,,No
France,OR,Pet/aquarium,Listed,Myriophyllum aquaticum,Aquatic plants,Plant,Adults only,5.99,No
Netherlands,OR,Horticulture,Listed,Myriophyllum aquaticum,Aquatic plants,Plant,Adults only,8.99,No
Netherlands,OR,Horticulture,Listed,Myriophyllum aquaticum,Aquatic plants,Plant,Adults only,7.495,No
Netherlands,OR,Horticulture,Listed,Myriophyllum aquaticum,Aquatic plants,Plant,Adults only,7.46,No
Netherlands,OR,Both,Listed,Myriophyllum aquaticum,Aquatic plants,Plant,Adults only,11.99,No
Netherlands,OR,Both,Listed,Myriophyllum aquaticum,Aquatic plants,Plant,Adults only,15.95,No
Netherlands,OR,Both,Listed,Myriophyllum aquaticum,Aquatic plants,Plant,Adults only,19.99,No
Netherlands,OR,Horticulture,Listed,Myriophyllum aquaticum,Aquatic plants,Plant,Adults only,2.5,No
Netherlands,PP,Both,Listed,Myriophyllum aquaticum,Aquatic plants,Plant,Adults only,2.99,No
Netherlands,OR,Horticulture,Listed,Myriophyllum aquaticum,Aquatic plants,Plant,Adults only,3.25,No
Netherlands,PP,Both,Listed,Myriophyllum aquaticum,Aquatic plants,Plant,Other with reproduction potential,2.95,No
Spain,OR,Horticulture,Listed,Myriophyllum aquaticum,Aquatic plants,Plant,Adults only,,No
Spain,OR,Pet/aquarium,Listed,Myriophyllum aquaticum,Aquatic plants,Plant,Adults only,4.5,No
Spain,PP,Horticulture,Listed,Myriophyllum aquaticum,Aquatic plants,Plant,Adults only,3.5,No
Spain,PP,Horticulture,Listed,Myriophyllum aquaticum,Aquatic plants,Plant,Adults only,1.5,No
Italy,OR,Horticulture,Listed,Myriophyllum aquaticum,Aquatic plants,Plant,Adults only,,Yes
Italy,OR,Horticulture,Listed,Myriophyllum aquaticum,Aquatic plants,Plant,Adults only,4.5,Yes
Italy,OR,Horticulture,Listed,Myriophyllum aquaticum,Aquatic plants,Plant,Adults only,5,No
Italy,OR,Horticulture,Listed,Myriophyllum aquaticum,Aquatic plants,Plant,Adults only,4.4,Yes
Italy,OR,Horticulture,Listed,Myriophyllum aquaticum,Aquatic plants,Plant,Adults only,8,No
Italy,OR,Horticulture,Listed,Myriophyllum aquaticum,Aquatic plants,Plant,Adults only,0.55,No
Italy,PP,Horticulture,Listed,Myriophyllum aquaticum,Aquatic plants,Plant,Adults only,0.79,No
Italy,PP,Horticulture,Listed,Myriophyllum aquaticum,Aquatic plants,Plant,Adults only,3,No
Italy,OR,Pet/aquarium,Listed,Myriophyllum aquaticum,Aquatic plants,Plant,Unknown,3.5,No
Italy,OR,Pet/aquarium,Listed,Myriophyllum aquaticum,Aquatic plants,Plant,Unknown,4.99,No
Italy,OR,Pet/aquarium,Listed,Myriophyllum aquaticum,Aquatic plants,Plant,Unknown,3.6,No
Czechia,OR,Both,Listed,Myriophyllum heterophyllum,Aquatic plants,Plant,Adults only,3.88773,No
France,OR,Pet/aquarium,Listed,Myriophyllum heterophyllum,Aquatic plants,Plant,Adults only,1.85,No
France,OR,Pet/aquarium,Listed,Myriophyllum heterophyllum,Aquatic plants,Plant,Adults only,2.8,No
Netherlands,OR,Horticulture,Listed,Myriophyllum heterophyllum,Aquatic plants,Plant,Adults only,3,in description: 'grows fast'
Netherlands,OR,Pet/aquarium,Listed,Myriophyllum heterophyllum,Aquatic plants,Plant,Unknown,3,No
Italy,OR,Pet/aquarium,Listed,Myriophyllum heterophyllum,Aquatic plants,Plant,Unknown,6.5,No
Italy,OR,Pet/aquarium,Listed,Myriophyllum heterophyllum,Aquatic plants,Plant,Unknown,3.88,No
Czechia,PP,Both,Listed,Nasua nasua,Mammals,Animal,Juveniles only,39.27,Unknown
Czechia,PP,Both,Listed,Nasua nasua,Mammals,Animal,Juveniles only,117.81,Unknown
Czechia,PP,Both,Listed,Nasua nasua,Mammals,Animal,Juveniles only,176.715,Unknown
Czechia,PP,Both,Listed,Nasua nasua,Mammals,Animal,Juveniles only,,Unknown
Czechia,PP,Both,Listed,Nasua nasua,Mammals,Animal,Juveniles only,196.35,Unknown
Czechia,PP,Both,Listed,Nasua nasua,Mammals,Animal,Adults only,235.62,Unknown
Czechia,PP,Pet/aquarium,Listed,Nasua nasua,Mammals,Animal,Juveniles only,117.81,No
Netherlands,PP,Both,Listed,Orconectes (Faxonius) limosus,Cray fish,Animal,Adults only,0.5,Yes
Spain,OR,Pet/aquarium,Listed,Orconectes (Faxonius) limosus,Cray fish,Animal,,,Yes
Italy,OR,Pet/aquarium,Listed,Oxyura jamaicensis,Mammals,Animal,Unknown,,No
Czechia,OR,Both,Listed,Pennisetum setaceum,Flowering plants (Monocots),Plant,Adults only,8.32524,No
Czechia,OR,Both,Listed,Pennisetum setaceum,Flowering plants (Monocots),Plant,Seeds only,0.22,No
Germany,OR,Horticulture,Listed,Pennisetum setaceum,Flowering plants (Monocots),Plant,Seeds only,0.2998,
Germany,OR,Horticulture,Listed,Pennisetum setaceum,Flowering plants (Monocots),Plant,Adults only,3.956666667,No
Germany,OR,Horticulture,Listed,Pennisetum setaceum,Flowering plants (Monocots),Plant,Adults only,9.99,No
Germany,OR,Horticulture,Listed,Pennisetum setaceum,Flowering plants (Monocots),Plant,Adults only,4.49,No
Germany,OR,Horticulture,Listed,Pennisetum setaceum,Flowering plants (Monocots),Plant,Adults only,7.49,No
Germany,OR,Horticulture,Listed,Pennisetum setaceum,Flowering plants (Monocots),Plant,Adults only,3.745,No
Germany,OR,Horticulture,Listed,Pennisetum setaceum,Flowering plants (Monocots),Plant,Adults only,3.33,No
Germany,OR,Horticulture,Listed,Pennisetum setaceum,Flowering plants (Monocots),Plant,Adults only,9.99,No
Germany,OR,Horticulture,Listed,Pennisetum setaceum,Flowering plants (Monocots),Plant,Adults only,15.95,No
Germany,OR,Horticulture,Listed,Pennisetum setaceum,Flowering plants (Monocots),Plant,Adults only,12.45,No
Germany,PP,Both,Listed,Pennisetum setaceum,Flowering plants (Monocots),Plant,Adults only,21.81,
France,OR,Horticulture,Listed,Pennisetum setaceum,Flowering plants (Monocots),Plant,Unknown,5.33,No
France,OR,Horticulture,Listed,Pennisetum setaceum,Flowering plants (Monocots),Plant,Adults only,8.1,No
France,OR,Horticulture,Listed,Pennisetum setaceum,Flowering plants (Monocots),Plant,Adults only,8.1,No
France,OR,Horticulture,Listed,Pennisetum setaceum,Flowering plants (Monocots),Plant,Adults only,17.1,No
France,OR,Horticulture,Listed,Pennisetum setaceum,Flowering plants (Monocots),Plant,Unknown,20,No
France,OR,Horticulture,Listed,Pennisetum setaceum,Flowering plants (Monocots),Plant,Unknown,14.9,No
France,OR,Horticulture,Listed,Pennisetum setaceum,Flowering plants (Monocots),Plant,Unknown,14.9,No
France,OR,Horticulture,Listed,Pennisetum setaceum,Flowering plants (Monocots),Plant,Juveniles only,,No
France,OR,Horticulture,Listed,Pennisetum setaceum,Flowering plants (Monocots),Plant,Seeds only,0.5996,No
France,OR,Horticulture,Listed,Pennisetum setaceum,Flowering plants (Monocots),Plant,Seeds only,0.2998,No
France,OR,Horticulture,Listed,Pennisetum setaceum,Flowering plants (Monocots),Plant,Seeds only,0.22,No
France,OR,Horticulture,Listed,Pennisetum setaceum,Flowering plants (Monocots),Plant,Unknown,15.9,No
France,OR,Horticulture,Listed,Pennisetum setaceum,Flowering plants (Monocots),Plant,Unknown,16.9,No
France,OR,Horticulture,Listed,Pennisetum setaceum,Flowering plants (Monocots),Plant,Unknown,,No
France,OR,Horticulture,Listed,Pennisetum setaceum,Flowering plants (Monocots),Plant,Unknown,6.18,No
Netherlands,OR,Horticulture,Listed,Pennisetum setaceum,Flowering plants (Monocots),Plant,Adults only,8.95,No
Netherlands,OR,Horticulture,Listed,Pennisetum setaceum,Flowering plants (Monocots),Plant,Adults only,8.95,No
Netherlands,OR,Both,Listed,Pennisetum setaceum,Flowering plants (Monocots),Plant,Adults only,9.95,No
Spain,PP,Horticulture,Listed,Pennisetum setaceum,Flowering plants (Monocots),Plant,Seeds only,0.0237,No
Spain,PP,Horticulture,Listed,Pennisetum setaceum,Flowering plants (Monocots),Plant,Seeds only,0.0213,No
Spain,OR,Both,Listed,Pennisetum setaceum,Flowering plants (Monocots),Plant,Seeds only,0.5996,No
Spain,OR,Both,Listed,Pennisetum setaceum,Flowering plants (Monocots),Plant,Seeds only,0.2998,No
Spain,PP,Horticulture,Listed,Pennisetum setaceum,Flowering plants (Monocots),Plant,Adults only,24.5,No
Spain,PP,Horticulture,Listed,Pennisetum setaceum,Flowering plants (Monocots),Plant,Seeds only,0.05997888,No
Italy,OR,Horticulture,Listed,Pennisetum setaceum,Flowering plants (Monocots),Plant,Adults only,,No
Italy,OR,Horticulture,Listed,Pennisetum setaceum,Flowering plants (Monocots),Plant,Adults only,,No
Italy,OR,Horticulture,Listed,Pennisetum setaceum,Flowering plants (Monocots),Plant,Adults only,9,No
Italy,OR,Horticulture,Listed,Pennisetum setaceum,Flowering plants (Monocots),Plant,Adults only,,No
Italy,OR,Horticulture,Listed,Pennisetum setaceum,Flowering plants (Monocots),Plant,Adults only,,No
Italy,OR,Both,Listed,Pennisetum setaceum,Flowering plants (Monocots),Plant,Seeds only,0.6976,No
Italy,OR,Both,Listed,Pennisetum setaceum,Flowering plants (Monocots),Plant,Seeds only,0.22,No
Italy,PP,Horticulture,Listed,Pennisetum setaceum,Flowering plants (Monocots),Plant,Seeds only,0.0243,No
International,OR,Both,Listed,Pennisetum setaceum,Flowering plants (Monocots),Plant,Seeds only,0.35118,No
International,OR,Horticulture,Listed,Pennisetum setaceum,Flowering plants (Monocots),Plant,Adults only,18.717894,No
International,OR,Both,Listed,Pennisetum setaceum,Flowering plants (Monocots),Plant,Seeds only,0.06048432,No
International,OR,Both,Listed,Pennisetum setaceum,Flowering plants (Monocots),Plant,Seeds only,0.02013336,No
International,OR,Both,Listed,Pennisetum setaceum,Flowering plants (Monocots),Plant,Seeds only,0.08070192,No
International,OR,Both,Listed,Pennisetum setaceum,Flowering plants (Monocots),Plant,Seeds only,0.0909792,No
International,OR,Both,Listed,Pennisetum setaceum,Flowering plants (Monocots),Plant,Seeds only,0.04228848,No
International,OR,Both,Listed,Pennisetum setaceum,Flowering plants (Monocots),Plant,Seeds only,0.06857136,No
Germany,OR,Horticulture,Proposed,Phytolacca americana,Flowering plants (Didcots),Plant,Seeds only,0.698,
Germany,OR,Horticulture,Proposed,Phytolacca americana,Flowering plants (Didcots),Plant,Adults only,4.83,No
Germany,OR,Horticulture,Proposed,Phytolacca americana,Flowering plants (Didcots),Plant,Adults only,4.3,No
Germany,OR,Horticulture,Proposed,Phytolacca americana,Flowering plants (Didcots),Plant,Adults only,4.65,No
Germany,OR,Horticulture,Proposed,Phytolacca americana,Flowering plants (Didcots),Plant,Adults only,3.2,No
Germany,PP,Both,Proposed,Phytolacca americana,Flowering plants (Didcots),Plant,Adults only,,No
Germany,PP,Horticulture,Proposed,Phytolacca americana,Flowering plants (Didcots),Plant,Other with reproduction potential,,Yes
Germany,PP,Both,Proposed,Phytolacca americana,Flowering plants (Didcots),Plant,Seeds only,2.326666667,
France,OR,Horticulture,Proposed,Phytolacca americana,Flowering plants (Didcots),Plant,Seeds only,0.5,No
Netherlands,OR,Horticulture,Proposed,Phytolacca americana,Flowering plants (Didcots),Plant,Adults only,2.5,"in description: 'from N-America, garden escape in Europe'"
Netherlands,OR,Horticulture,Proposed,Phytolacca americana,Flowering plants (Didcots),Plant,Seeds only,0.295,No
Spain,OR,Both,Proposed,Phytolacca americana,Flowering plants (Didcots),Plant,Seeds only,0.5,No
Spain,OR,Both,Proposed,Phytolacca americana,Flowering plants (Didcots),Plant,Seeds only,0.5996,No
Spain,OR,Both,Proposed,Phytolacca americana,Flowering plants (Didcots),Plant,Seeds only,,No
Spain,OR,Both,Proposed,Phytolacca americana,Flowering plants (Didcots),Plant,Seeds only,0.0325,No
Italy,OR,Horticulture,Proposed,Phytolacca americana,Flowering plants (Didcots),Plant,Adults only,4,No
Italy,OR,Horticulture,Proposed,Phytolacca americana,Flowering plants (Didcots),Plant,Adults only,3.5,
Italy,OR,Both,Proposed,Phytolacca americana,Flowering plants (Didcots),Plant,Seeds only,0.5,No
Italy,PP,Horticulture,Proposed,Phytolacca americana,Flowering plants (Didcots),Plant,Adults only,1.006,No
Italy,PP,Horticulture,Proposed,Phytolacca americana,Flowering plants (Didcots),Plant,Seeds only,0.058,No
International,OR,Both,Proposed,Phytolacca americana,Flowering plants (Didcots),Plant,Seeds only,,No
International,OR,Both,Proposed,Phytolacca americana,Flowering plants (Didcots),Plant,Seeds only,0.81942,No
International,OR,Horticulture,Proposed,Phytolacca americana,Flowering plants (Didcots),Plant,Adults only,,No
International,OR,Horticulture,Proposed,Phytolacca americana,Flowering plants (Didcots),Plant,Seeds only,,Yes
International,OR,Both,Proposed,Phytolacca americana,Flowering plants (Didcots),Plant,Seeds only,0.101088,No
International,OR,Both,Proposed,Phytolacca americana,Flowering plants (Didcots),Plant,Seeds only,,No
Czechia,PP,Both,Proposed,Pistia stratiotes,Aquatic plants,Plant,Adults only,,No
Czechia,PP,Both,Proposed,Pistia stratiotes,Aquatic plants,Plant,Adults only,,No
Czechia,OR,Both,Proposed,Pistia stratiotes,Aquatic plants,Plant,Adults only,,No
Czechia,OR,Both,Proposed,Pistia stratiotes,Aquatic plants,Plant,Adults only,1.76715,No
Czechia,OR,Both,Proposed,Pistia stratiotes,Aquatic plants,Plant,Adults only,0.86394,No
Czechia,OR,Both,Proposed,Pistia stratiotes,Aquatic plants,Plant,Seeds only,0.047725,No
Czechia,OR,Both,Proposed,Pistia stratiotes,Aquatic plants,Plant,Adults only,1.909,No
Germany,OR,Horticulture,Proposed,Pistia stratiotes,Aquatic plants,Plant,Adults only,32.47,
Germany,OR,Horticulture,Proposed,Pistia stratiotes,Aquatic plants,Plant,Seeds only,0.02235,
Germany,OR,Horticulture,Proposed,Pistia stratiotes,Aquatic plants,Plant,,0.1008,Yes
Germany,OR,Horticulture,Proposed,Pistia stratiotes,Aquatic plants,Plant,,3.29,Yes
Germany,OR,Horticulture,Proposed,Pistia stratiotes,Aquatic plants,Plant,Adults only,4.49,Yes
Germany,OR,Horticulture,Proposed,Pistia stratiotes,Aquatic plants,Plant,Adults only,3.59,No
Germany,OR,Horticulture,Proposed,Pistia stratiotes,Aquatic plants,Plant,Adults only,2.585714286,No
Germany,OR,Horticulture,Proposed,Pistia stratiotes,Aquatic plants,Plant,Adults only,,No
Germany,OR,Horticulture,Proposed,Pistia stratiotes,Aquatic plants,Plant,Adults only,3.89,No
Germany,OR,Horticulture,Proposed,Pistia stratiotes,Aquatic plants,Plant,Adults only,4.49,No
Germany,OR,Horticulture,Proposed,Pistia stratiotes,Aquatic plants,Plant,Adults only,,No
Germany,OR,Horticulture,Proposed,Pistia stratiotes,Aquatic plants,Plant,Adults only,3.99,No
Germany,OR,Horticulture,Proposed,Pistia stratiotes,Aquatic plants,Plant,Adults only,3.25,No
Germany,OR,Horticulture,Proposed,Pistia stratiotes,Aquatic plants,Plant,Adults only,3.99,No
Germany,PP,Both,Proposed,Pistia stratiotes,Aquatic plants,Plant,Adults only,3.5,No
Germany,PP,Both,Proposed,Pistia stratiotes,Aquatic plants,Plant,Adults only,1.175,
Germany,OR,Both,Proposed,Pistia stratiotes,Aquatic plants,Plant,Adults only,4.99,No
Germany,OR,Both,Proposed,Pistia stratiotes,Aquatic plants,Plant,Seeds only,0.0155,No
Germany,OR,Both,Proposed,Pistia stratiotes,Aquatic plants,Plant,Adults only,3.286666667,No
Germany,OR,Both,Proposed,Pistia stratiotes,Aquatic plants,Plant,Adults only,0.653,No
Germany,OR,Pet/aquarium,Proposed,Pistia stratiotes,Aquatic plants,Plant,Adults only,3.196,No
Germany,OR,Pet/aquarium,Proposed,Pistia stratiotes,Aquatic plants,Plant,Adults only,6.1,No
Germany,OR,Pet/aquarium,Proposed,Pistia stratiotes,Aquatic plants,Plant,Adults only,4.2,No
Germany,OR,Pet/aquarium,Proposed,Pistia stratiotes,Aquatic plants,Plant,Adults only,4.99,No
Germany,OR,Pet/aquarium,Proposed,Pistia stratiotes,Aquatic plants,Plant,Adults only,2.265,No
Germany,OR,Pet/aquarium,Proposed,Pistia stratiotes,Aquatic plants,Plant,Adults only,4.95,No
Germany,OR,Pet/aquarium,Proposed,Pistia stratiotes,Aquatic plants,Plant,Adults only,1.711428571,No
Germany,OR,Pet/aquarium,Proposed,Pistia stratiotes,Aquatic plants,Plant,Adults only,3.79,No
Germany,OR,Pet/aquarium,Proposed,Pistia stratiotes,Aquatic plants,Plant,Adults only,3.25,No
Germany,OR,Pet/aquarium,Proposed,Pistia stratiotes,Aquatic plants,Plant,Adults only,3.9,No
Germany,OR,Pet/aquarium,Proposed,Pistia stratiotes,Aquatic plants,Plant,Adults only,2.99,No
Germany,OR,Pet/aquarium,Proposed,Pistia stratiotes,Aquatic plants,Plant,Adults only,3.5,No
Germany,OR,Both,Proposed,Pistia stratiotes,Aquatic plants,Plant,Adults only,3.99,No
Germany,OR,Both,Proposed,Pistia stratiotes,Aquatic plants,Plant,Adults only,3.99,No
Germany,OR,Pet/aquarium,Proposed,Pistia stratiotes,Aquatic plants,Plant,Adults only,4.9,No
Germany,OR,Pet/aquarium,Proposed,Pistia stratiotes,Aquatic plants,Plant,Adults only,1.59,No
Germany,OR,Pet/aquarium,Proposed,Pistia stratiotes,Aquatic plants,Plant,Adults only,1.65,No
Germany,PP,Both,Proposed,Pistia stratiotes,Aquatic plants,Plant,Adults only,0.16,No
Germany,PP,Both,Proposed,Pistia stratiotes,Aquatic plants,Plant,Adults only,2,No
France,OR,Horticulture,Proposed,Pistia stratiotes,Aquatic plants,Plant,Unknown,,No
France,OR,Horticulture,Proposed,Pistia stratiotes,Aquatic plants,Plant,Seeds only,0.017,No
France,OR,Horticulture,Proposed,Pistia stratiotes,Aquatic plants,Plant,Seeds only,0.01705,No
France,OR,Horticulture,Proposed,Pistia stratiotes,Aquatic plants,Plant,Seeds only,0.0199,No
France,OR,Horticulture,Proposed,Pistia stratiotes,Aquatic plants,Plant,Unknown,3.5,No
France,PP,Horticulture,Proposed,Pistia stratiotes,Aquatic plants,Plant,Adults only,3.5,No
France,PP,Horticulture,Proposed,Pistia stratiotes,Aquatic plants,Plant,Adults and juveniles,,No
France,PP,Horticulture,Proposed,Pistia stratiotes,Aquatic plants,Plant,Juveniles only,1,No
France,PP,Horticulture,Proposed,Pistia stratiotes,Aquatic plants,Plant,Unknown,5,No
France,PP,Horticulture,Proposed,Pistia stratiotes,Aquatic plants,Plant,Unknown,1,No
France,OR,Pet/aquarium,Proposed,Pistia stratiotes,Aquatic plants,Plant,Adults only,3.21,No
France,OR,Pet/aquarium,Proposed,Pistia stratiotes,Aquatic plants,Plant,Adults only,4.24,No
France,OR,Pet/aquarium,Proposed,Pistia stratiotes,Aquatic plants,Plant,Adults only,0.328571429,No
France,OR,Pet/aquarium,Proposed,Pistia stratiotes,Aquatic plants,Plant,Adults only,2.95,No
France,OR,Pet/aquarium,Proposed,Pistia stratiotes,Aquatic plants,Plant,Adults only,2,No
France,PP,Pet/aquarium,Proposed,Pistia stratiotes,Aquatic plants,Plant,Adults only,0.833333333,No
France,OR,Pet/aquarium,Proposed,Pistia stratiotes,Aquatic plants,Plant,Adults only,0.798,No
France,OR,Pet/aquarium,Proposed,Pistia stratiotes,Aquatic plants,Plant,Seeds only,,No
France,OR,Pet/aquarium,Proposed,Pistia stratiotes,Aquatic plants,Plant,Seeds only,0.0166,No
France,PP,Pet/aquarium,Proposed,Pistia stratiotes,Aquatic plants,Plant,Adults only,3,No
France,PP,Pet/aquarium,Proposed,Pistia stratiotes,Aquatic plants,Plant,Adults only,2,No
France,PP,Pet/aquarium,Proposed,Pistia stratiotes,Aquatic plants,Plant,Adults only,2,No
France,PP,Pet/aquarium,Proposed,Pistia stratiotes,Aquatic plants,Plant,Adults only,3,No
France,PP,Pet/aquarium,Proposed,Pistia stratiotes,Aquatic plants,Plant,Adults only,1,No
France,PP,Pet/aquarium,Proposed,Pistia stratiotes,Aquatic plants,Plant,Adults only,2.45,No
France,PP,Pet/aquarium,Proposed,Pistia stratiotes,Aquatic plants,Plant,Adults only,3.49,No
France,PP,Pet/aquarium,Proposed,Pistia stratiotes,Aquatic plants,Plant,Adults only,0.998333333,No
France,PP,Pet/aquarium,Proposed,Pistia stratiotes,Aquatic plants,Plant,Adults only,1.995,No
Netherlands,OR,Both,Proposed,Pistia stratiotes,Aquatic plants,Plant,Seeds only,0.01025,No
Netherlands,OR,Both,Proposed,Pistia stratiotes,Aquatic plants,Plant,Seeds only,3.07,No
Netherlands,OR,Horticulture,Proposed,Pistia stratiotes,Aquatic plants,Plant,Adults only,3.25,No
Netherlands,OR,Both,Proposed,Pistia stratiotes,Aquatic plants,Plant,Other with reproduction potential,5.74,No
Netherlands,OR,Both,Proposed,Pistia stratiotes,Aquatic plants,Plant,Seeds only,0.0113,No
Netherlands,OR,Pet/aquarium,Proposed,Pistia stratiotes,Aquatic plants,Plant,Other with reproduction potential,4.75,No
Netherlands,OR,Pet/aquarium,Proposed,Pistia stratiotes,Aquatic plants,Plant,Other with reproduction potential,2,No
Netherlands,OR,Pet/aquarium,Proposed,Pistia stratiotes,Aquatic plants,Plant,Unknown,,No
Netherlands,OR,Both,Proposed,Pistia stratiotes,Aquatic plants,Plant,Unknown,3.07,No
Netherlands,OR,Pet/aquarium,Proposed,Pistia stratiotes,Aquatic plants,Plant,Unknown,2.95,No
Netherlands,PP,Both,Proposed,Pistia stratiotes,Aquatic plants,Plant,Other with reproduction potential,1,No
Netherlands,PP,Both,Proposed,Pistia stratiotes,Aquatic plants,Plant,Other with reproduction potential,,No
Netherlands,PP,Both,Proposed,Pistia stratiotes,Aquatic plants,Plant,Other with reproduction potential,0.875,No
Netherlands,PP,Both,Proposed,Pistia stratiotes,Aquatic plants,Plant,Other with reproduction potential,2.5,No
Netherlands,PP,Both,Proposed,Pistia stratiotes,Aquatic plants,Plant,Other with reproduction potential,0.5,No
Netherlands,PP,Both,Proposed,Pistia stratiotes,Aquatic plants,Plant,Other with reproduction potential,0.2,No
Netherlands,PP,Both,Proposed,Pistia stratiotes,Aquatic plants,Plant,Other with reproduction potential,0.3,No
Netherlands,PP,Both,Proposed,Pistia stratiotes,Aquatic plants,Plant,Other with reproduction potential,0.1,No
Netherlands,PP,Both,Proposed,Pistia stratiotes,Aquatic plants,Plant,Other with reproduction potential,2,No
Netherlands,PP,Both,Proposed,Pistia stratiotes,Aquatic plants,Plant,Other with reproduction potential,1.5,No
Netherlands,PP,Both,Proposed,Pistia stratiotes,Aquatic plants,Plant,Other with reproduction potential,1,No
Netherlands,PP,Both,Proposed,Pistia stratiotes,Aquatic plants,Plant,Other with reproduction potential,0.75,No
Netherlands,PP,Both,Proposed,Pistia stratiotes,Aquatic plants,Plant,Other with reproduction potential,0.5,No
Netherlands,PP,Both,Proposed,Pistia stratiotes,Aquatic plants,Plant,Other with reproduction potential,2,No
Netherlands,PP,Both,Proposed,Pistia stratiotes,Aquatic plants,Plant,Other with reproduction potential,0.5,No
Netherlands,PP,Both,Proposed,Pistia stratiotes,Aquatic plants,Plant,Other with reproduction potential,0.75,No
Netherlands,PP,Both,Proposed,Pistia stratiotes,Aquatic plants,Plant,Other with reproduction potential,0.5,No
Netherlands,PP,Both,Proposed,Pistia stratiotes,Aquatic plants,Plant,Other with reproduction potential,0.2,No
Netherlands,PP,Both,Proposed,Pistia stratiotes,Aquatic plants,Plant,Other with reproduction potential,0.2,No
Netherlands,PP,Both,Proposed,Pistia stratiotes,Aquatic plants,Plant,Other with reproduction potential,2.95,No
Netherlands,PP,Both,Proposed,Pistia stratiotes,Aquatic plants,Plant,Other with reproduction potential,0.5,No
Netherlands,PP,Both,Proposed,Pistia stratiotes,Aquatic plants,Plant,Other with reproduction potential,2,No
Netherlands,PP,Both,Proposed,Pistia stratiotes,Aquatic plants,Plant,Other with reproduction potential,0.398,No
Netherlands,PP,Both,Proposed,Pistia stratiotes,Aquatic plants,Plant,Other with reproduction potential,2.5,No
Netherlands,PP,Both,Proposed,Pistia stratiotes,Aquatic plants,Plant,Other with reproduction potential,1,No
Netherlands,PP,Both,Proposed,Pistia stratiotes,Aquatic plants,Plant,Other with reproduction potential,0.4,No
Netherlands,PP,Both,Proposed,Pistia stratiotes,Aquatic plants,Plant,Other with reproduction potential,2.5,No
Netherlands,PP,Both,Proposed,Pistia stratiotes,Aquatic plants,Plant,Other with reproduction potential,,No
Netherlands,PP,Both,Proposed,Pistia stratiotes,Aquatic plants,Plant,Other with reproduction potential,0.393333333,No
Netherlands,PP,Both,Proposed,Pistia stratiotes,Aquatic plants,Plant,Other with reproduction potential,2,No
Netherlands,PP,Both,Proposed,Pistia stratiotes,Aquatic plants,Plant,Other with reproduction potential,0.5,No
Netherlands,PP,Both,Proposed,Pistia stratiotes,Aquatic plants,Plant,Other with reproduction potential,0.25,No
Netherlands,PP,Both,Proposed,Pistia stratiotes,Aquatic plants,Plant,Other with reproduction potential,0.416666667,No
Netherlands,PP,Both,Proposed,Pistia stratiotes,Aquatic plants,Plant,Other with reproduction potential,0.3,No
Netherlands,PP,Both,Proposed,Pistia stratiotes,Aquatic plants,Plant,Other with reproduction potential,,No
Netherlands,PP,Both,Proposed,Pistia stratiotes,Aquatic plants,Plant,Other with reproduction potential,0.75,No
Netherlands,PP,Both,Proposed,Pistia stratiotes,Aquatic plants,Plant,Other with reproduction potential,0.25,No
Netherlands,PP,Both,Proposed,Pistia stratiotes,Aquatic plants,Plant,Other with reproduction potential,1,No
Netherlands,PP,Both,Proposed,Pistia stratiotes,Aquatic plants,Plant,Other with reproduction potential,0.666666667,No
Netherlands,PP,Both,Proposed,Pistia stratiotes,Aquatic plants,Plant,Other with reproduction potential,3,No
Netherlands,PP,Both,Proposed,Pistia stratiotes,Aquatic plants,Plant,Other with reproduction potential,6.666666667,No
Netherlands,PP,Both,Proposed,Pistia stratiotes,Aquatic plants,Plant,Other with reproduction potential,0.35,No
Netherlands,PP,Both,Proposed,Pistia stratiotes,Aquatic plants,Plant,Other with reproduction potential,0.1,No
Netherlands,PP,Both,Proposed,Pistia stratiotes,Aquatic plants,Plant,Other with reproduction potential,5,No
Netherlands,PP,Both,Proposed,Pistia stratiotes,Aquatic plants,Plant,Other with reproduction potential,3,No
Netherlands,PP,Both,Proposed,Pistia stratiotes,Aquatic plants,Plant,Other with reproduction potential,2.5,No
Netherlands,PP,Both,Proposed,Pistia stratiotes,Aquatic plants,Plant,Other with reproduction potential,,No
Netherlands,PP,Both,Proposed,Pistia stratiotes,Aquatic plants,Plant,Other with reproduction potential,0.666666667,No
Netherlands,PP,Both,Proposed,Pistia stratiotes,Aquatic plants,Plant,Other with reproduction potential,3,No
Spain,OR,Both,Proposed,Pistia stratiotes,Aquatic plants,Plant,Seeds only,0.03364243,No
Spain,OR,Both,Proposed,Pistia stratiotes,Aquatic plants,Plant,Adults only,118.0701754,No
Italy,OR,Horticulture,Proposed,Pistia stratiotes,Aquatic plants,Plant,Adults only,,No
Italy,OR,Horticulture,Proposed,Pistia stratiotes,Aquatic plants,Plant,Adults only,4,No
Italy,OR,Horticulture,Proposed,Pistia stratiotes,Aquatic plants,Plant,Adults only,5.5,No
Italy,OR,Horticulture,Proposed,Pistia stratiotes,Aquatic plants,Plant,Adults only,3,Yes
Italy,OR,Horticulture,Proposed,Pistia stratiotes,Aquatic plants,Plant,Adults only,,No
Italy,OR,Horticulture,Proposed,Pistia stratiotes,Aquatic plants,Plant,Adults only,6,No
Italy,OR,Horticulture,Proposed,Pistia stratiotes,Aquatic plants,Plant,Adults only,5,No
Italy,OR,Both,Proposed,Pistia stratiotes,Aquatic plants,Plant,Adults only,3.36,No
Italy,OR,Horticulture,Proposed,Pistia stratiotes,Aquatic plants,Plant,Adults only,,No
Italy,OR,Both,Proposed,Pistia stratiotes,Aquatic plants,Plant,Adults only,11.32666667,No
Italy,OR,Both,Proposed,Pistia stratiotes,Aquatic plants,Plant,Seeds only,0.01645,No
Italy,OR,Both,Proposed,Pistia stratiotes,Aquatic plants,Plant,Adults only,0.99,No
Italy,OR,Horticulture,Proposed,Pistia stratiotes,Aquatic plants,Plant,Adults only,2,No
Italy,OR,Horticulture,Proposed,Pistia stratiotes,Aquatic plants,Plant,Adults only,2,No
Italy,PP,Horticulture,Proposed,Pistia stratiotes,Aquatic plants,Plant,Adults only,0.531,No
Italy,PP,Horticulture,Proposed,Pistia stratiotes,Aquatic plants,Plant,Adults only,2,No
Italy,OR,Pet/aquarium,Proposed,Pistia stratiotes,Aquatic plants,Plant,Unknown,3.36,No
Italy,OR,Pet/aquarium,Proposed,Pistia stratiotes,Aquatic plants,Plant,Unknown,22,No
Italy,OR,Pet/aquarium,Proposed,Pistia stratiotes,Aquatic plants,Plant,Unknown,6.5,No
Italy,OR,Pet/aquarium,Proposed,Pistia stratiotes,Aquatic plants,Plant,Unknown,3.5,No
Italy,OR,Pet/aquarium,Proposed,Pistia stratiotes,Aquatic plants,Plant,Unknown,3.52,No
Italy,OR,Pet/aquarium,Proposed,Pistia stratiotes,Aquatic plants,Plant,Unknown,1.26,No
Italy,OR,Pet/aquarium,Proposed,Pistia stratiotes,Aquatic plants,Plant,Unknown,3.5,No
Italy,OR,Pet/aquarium,Proposed,Pistia stratiotes,Aquatic plants,Plant,Unknown,6.105,No
Italy,OR,Pet/aquarium,Proposed,Pistia stratiotes,Aquatic plants,Plant,Unknown,4,No
International,OR,Both,Proposed,Pistia stratiotes,Aquatic plants,Plant,Adults only,,No
International,OR,Both,Proposed,Pistia stratiotes,Aquatic plants,Plant,Seeds only,0.029265,No
International,OR,Both,Proposed,Pistia stratiotes,Aquatic plants,Plant,Juveniles only,1.988069,No
International,OR,Both,Proposed,Pistia stratiotes,Aquatic plants,Plant,Adults only,5.841294,No
International,OR,Pet/aquarium,Proposed,Pistia stratiotes,Aquatic plants,Plant,Adults only,2.28267,No
International,OR,Pet/aquarium,Proposed,Pistia stratiotes,Aquatic plants,Plant,Adults only,1.861254,No
International,OR,Horticulture,Proposed,Pistia stratiotes,Aquatic plants,Plant,Adults only,2.0579148,No
Czechia,OR,Both,Listed,Plotosus lineatus,Fishes,Animal,Unknown,,
Czechia,OR,Both,Listed,Plotosus lineatus,Fishes,Animal,Unknown,23.562,Unknown
France,OR,Pet/aquarium,Listed,Plotosus lineatus,Fishes,Animal,Adults only,,No
Spain,OR,Pet/aquarium,Listed,Plotosus lineatus,Fishes,Animal,,,No
Czechia,OR,Both,Listed,Procambarus clarkii,Cray fish,Animal,Unknown,,
Czechia,OR,Both,Listed,Procambarus clarkii,Cray fish,Animal,Unknown,,
Czechia,OR,Both,Listed,Procambarus clarkii,Cray fish,Animal,Unknown,12.9591,Unknown
Germany,OR,Pet/aquarium,Listed,Procambarus clarkii,Cray fish,Animal,Adults only,9.95,No
Spain,OR,Pet/aquarium,Listed,Procambarus clarkii,Cray fish,Animal,,,Yes
Spain,OR,Pet/aquarium,Listed,Procambarus clarkii,Cray fish,Animal,Adults only,11.7,No
Italy,OR,Pet/aquarium,Listed,Procambarus clarkii,Cray fish,Animal,Adults only,15,No
Italy,OR,Pet/aquarium,Listed,Procambarus clarkii,Cray fish,Animal,Adults only,13.5,No
Italy,OR,Pet/aquarium,Listed,Procambarus clarkii,Cray fish,Animal,Adults only,8.2,No
Czechia,OR,Pet/aquarium,Listed,Procambarus fallax f. virginalis (Procambarus virginalis),Cray fish,Animal,Adults and juveniles,4.849845,No
Czechia,PP,Pet/aquarium,Listed,Procambarus fallax f. virginalis (Procambarus virginalis),Cray fish,Animal,Adults and juveniles,,No
Czechia,PP,Pet/aquarium,Listed,Procambarus fallax f. virginalis (Procambarus virginalis),Cray fish,Animal,Adults only,4.90875,No
Czechia,PP,Pet/aquarium,Listed,Procambarus fallax f. virginalis (Procambarus virginalis),Cray fish,Animal,Adults and juveniles,,No
France,OR,Pet/aquarium,Listed,Procambarus fallax f. virginalis (Procambarus virginalis),Cray fish,Animal,Adults only,9.64,No
Netherlands,PP,Both,Listed,Procambarus fallax f. virginalis (Procambarus virginalis),Cray fish,Animal,Juveniles only,4,No
Spain,PP,Both,Listed,Procambarus fallax f. virginalis (Procambarus virginalis),Cray fish,Animal,Adults only,3.5,No
Spain,PP,Both,Listed,Procambarus fallax f. virginalis (Procambarus virginalis),Cray fish,Animal,Adults only,2,No
Spain,PP,Both,Listed,Procambarus fallax f. virginalis (Procambarus virginalis),Cray fish,Animal,Adults only,1,No
Italy,OR,Pet/aquarium,Listed,Procambarus fallax f. virginalis (Procambarus virginalis),Cray fish,Animal,Adults only,11.5,No
Italy,OR,Pet/aquarium,Listed,Procambarus fallax f. virginalis (Procambarus virginalis),Cray fish,Animal,Adults only,6.4,No
Czechia,PP,Pet/aquarium,Listed,Procyon lotor,Mammals,Animal,Juveniles only,196.35,Unknown
Czechia,PP,Pet/aquarium,Listed,Procyon lotor,Mammals,Animal,Juveniles only,39.27,Unknown
Czechia,PP,Pet/aquarium,Listed,Procyon lotor,Mammals,Animal,Juveniles only,,Unknown
Czechia,PP,Both,Listed,Procyon lotor,Mammals,Animal,Adults and juveniles,,Unknown
Czechia,PP,Both,Listed,Procyon lotor,Mammals,Animal,Juveniles only,,Unknown
Germany,PP,Both,Listed,Procyon lotor,Mammals,Animal,Adults only,,No
Germany,PP,Both,Listed,Procyon lotor,Mammals,Animal,Adults only,,No
International,OR,Pet/aquarium,Listed,Procyon lotor,Mammals,Animal,Adults only,87.24857143,No
Germany,OR,Horticulture,Listed,Prosopis juliflora,Flowering plants (Didcots),Plant,Seeds only,,Yes
Germany,OR,Horticulture,Listed,Prosopis juliflora,Flowering plants (Didcots),Plant,Seeds only,0.046,
Spain,PP,Horticulture,Listed,Prosopis juliflora,Flowering plants (Didcots),Plant,Seeds only,0.1445,No
Spain,PP,Horticulture,Listed,Prosopis juliflora,Flowering plants (Didcots),Plant,Seeds only,0.125,No
Italy,OR,Horticulture,Listed,Prosopis juliflora,Flowering plants (Didcots),Plant,Seeds only,0.245,No
Italy,PP,Horticulture,Listed,Prosopis juliflora,Flowering plants (Didcots),Plant,Seeds only,0.1455,No
International,OR,Both,Listed,Prosopis juliflora,Flowering plants (Didcots),Plant,Seeds only,0.1012569,No
Czechia,OR,Pet/aquarium,Listed,Pseudorasbora parva,Fishes,Animal,Adults and juveniles,0.62832,No
Czechia,PP,Both,Listed,Pseudorasbora parva,Fishes,Animal,Adults and juveniles,0.3927,Unknown
Czechia,PP,Both,Listed,Pseudorasbora parva,Fishes,Animal,Adults and juveniles,0.0294525,Unknown
Czechia,PP,Pet/aquarium,Listed,Pseudorasbora parva,Fishes,Animal,Adults and juveniles,,No
Germany,OR,Pet/aquarium,Listed,Pseudorasbora parva,Fishes,Animal,Adults only,3.49,No
Spain,OR,Pet/aquarium,Listed,Pseudorasbora parva,Fishes,Animal,,,Yes
Germany,OR,Pet/aquarium,Proposed,Pterois miles,Fishes,Animal,Adults only,142,No
Netherlands,OR,Pet/aquarium,Proposed,Pterois miles,Fishes,Animal,Unknown,56.75,No
Netherlands,OR,Pet/aquarium,Proposed,Pterois miles,Fishes,Animal,Unknown,,No
Spain,OR,Pet/aquarium,Proposed,Pterois miles,Fishes,Animal,,,Yes
International,OR,Pet/aquarium,Proposed,Pterois miles,Fishes,Animal,Adults only,,No
International,OR,Pet/aquarium,Proposed,Pterois miles,Fishes,Animal,Adults only,117.06,No
International,OR,Pet/aquarium,Proposed,Pterois miles,Fishes,Animal,Adults only,,No
Germany,OR,Horticulture,Listed,Pueraria lobata (montana),Flowering plants (Didcots),Plant,Seeds only,0.7495,No
Germany,OR,Horticulture,Listed,Pueraria lobata (montana),Flowering plants (Didcots),Plant,Seeds only,,No
Germany,PP,Both,Listed,Pueraria lobata (montana),Flowering plants (Didcots),Plant,Seeds only,1.1,
Germany,OR,Horticulture,Listed,Pueraria lobata (montana),Flowering plants (Didcots),Plant,Seeds only,,
France,OR,Horticulture,Listed,Pueraria lobata (montana),Flowering plants (Didcots),Plant,Seeds only,0.142761905,No
France,OR,Horticulture,Listed,Pueraria lobata (montana),Flowering plants (Didcots),Plant,Seeds only,0.7495,No
Italy,OR,Both,Listed,Pueraria lobata (montana),Flowering plants (Didcots),Plant,Seeds only,0.7495,No
Italy,PP,Horticulture,Listed,Pueraria lobata (montana),Flowering plants (Didcots),Plant,Seeds only,0.97,No
Italy,PP,Horticulture,Listed,Pueraria lobata (montana),Flowering plants (Didcots),Plant,Seeds only,1.4375,No
Germany,PP,Both,Proposed,Pycnonotus cafer,Birds,Animal,Adults only,,No
Netherlands,PP,Pet/aquarium,Proposed,Pycnonotus cafer,Birds,Animal,Adults only,,No
Netherlands,PP,Pet/aquarium,Proposed,Pycnonotus cafer,Birds,Animal,Unknown,149,No
Netherlands,PP,Pet/aquarium,Proposed,Pycnonotus cafer,Birds,Animal,Adults only,75,No
Netherlands,PP,Pet/aquarium,Proposed,Pycnonotus cafer,Birds,Animal,Adults only,125,No
Netherlands,PP,Pet/aquarium,Proposed,Pycnonotus cafer,Birds,Animal,Juveniles only,75,No
Netherlands,PP,Pet/aquarium,Proposed,Pycnonotus cafer,Birds,Animal,Adults only,115,No
Netherlands,PP,Pet/aquarium,Proposed,Pycnonotus cafer,Birds,Animal,Adults only,,No
Germany,OR,Pet/aquarium,Listed,Salvinia molesta,Aquatic plants,Plant,Adults only,4.99,No
France,PP,Pet/aquarium,Listed,Salvinia molesta,Aquatic plants,Plant,Adults only,3,No
Netherlands,OR,Both,Listed,Salvinia molesta,Aquatic plants,Plant,Adults only,19.95,No
Netherlands,OR,Horticulture,Listed,Salvinia molesta,Aquatic plants,Plant,Adults only,3.25,in description: 'grows fast and can cover large areas; forms large mats'
Netherlands,PP,Both,Listed,Salvinia molesta,Aquatic plants,Plant,Adults only,6.95,No
Netherlands,PP,Both,Listed,Salvinia molesta,Aquatic plants,Plant,Adults only,3.65,No
Netherlands,PP,Both,Listed,Salvinia molesta,Aquatic plants,Plant,Adults only,6.45,No
Netherlands,PP,Both,Listed,Salvinia molesta,Aquatic plants,Plant,Adults only,6.49,No
Netherlands,OR,Horticulture,Listed,Salvinia molesta,Aquatic plants,Plant,Adults only,2.95,No
Spain,PP,Horticulture,Listed,Salvinia molesta,Aquatic plants,Plant,Adults only,0.5841294,No
Italy,PP,Horticulture,Listed,Salvinia molesta,Aquatic plants,Plant,Adults only,0.333333333,No
Italy,OR,Pet/aquarium,Listed,Salvinia molesta,Aquatic plants,Plant,Unknown,2.5,No
Spain,OR,Pet/aquarium,Listed,Sciurus carolinensis,Mammals,Animal,,,No
Germany,OR,Pet/aquarium,Proposed,Solenopsis geminata,Invertebrates,Animal,Adults and juveniles,,No
Germany,PP,Both,Proposed,Solenopsis invicta,Invertebrates,Animal,Adults and juveniles,160.056,No
Germany,PP,Both,Proposed,Solenopsis invicta,Invertebrates,Animal,Adults and juveniles,84.24,No
International,OR,Both,Proposed,Solenopsis invicta,Invertebrates,Animal,Adults only,30.3264,No
Czechia,PP,Both,Listed,Tamias sibiricus,Mammals,Animal,Adults only,,Unknown
Czechia,PP,Both,Listed,Tamias sibiricus,Mammals,Animal,Adults and juveniles,,Unknown
Czechia,PP,Both,Listed,Tamias sibiricus,Mammals,Animal,Adults only,,Unknown
Czechia,PP,Both,Listed,Tamias sibiricus,Mammals,Animal,Adults only,,Unknown
Czechia,PP,Both,Listed,Tamias sibiricus,Mammals,Animal,Juveniles only,,Unknown
Czechia,PP,Both,Listed,Tamias sibiricus,Mammals,Animal,Juveniles only,,Unknown
Czechia,PP,Both,Listed,Tamias sibiricus,Mammals,Animal,Adults and juveniles,,Unknown
Czechia,PP,Both,Listed,Tamias sibiricus,Mammals,Animal,Adults only,39.27,Unknown
Czechia,PP,Both,Listed,Tamias sibiricus,Mammals,Animal,Adults and juveniles,35.343,Unknown
Czechia,PP,Both,Listed,Tamias sibiricus,Mammals,Animal,Adults and juveniles,,Unknown
Czechia,PP,Both,Listed,Tamias sibiricus,Mammals,Animal,Adults and juveniles,,Unknown
Czechia,PP,Both,Listed,Tamias sibiricus,Mammals,Animal,Adults and juveniles,,Unknown
Czechia,PP,Both,Listed,Tamias sibiricus,Mammals,Animal,Juveniles only,22.34463,Unknown
Czechia,PP,Both,Listed,Tamias sibiricus,Mammals,Animal,Adults and juveniles,31.416,Unknown
Czechia,PP,Both,Listed,Tamias sibiricus,Mammals,Animal,Adults and juveniles,,Unknown
Czechia,PP,Both,Listed,Tamias sibiricus,Mammals,Animal,Adults only,78.54,Unknown
Czechia,PP,Both,Listed,Tamias sibiricus,Mammals,Animal,Adults only,78.54,Unknown
Czechia,PP,Both,Listed,Tamias sibiricus,Mammals,Animal,Juveniles only,36.652,Unknown
Czechia,PP,Both,Listed,Tamias sibiricus,Mammals,Animal,Juveniles only,,Unknown
Czechia,PP,Both,Listed,Tamias sibiricus,Mammals,Animal,Juveniles only,,Unknown
Czechia,PP,Pet/aquarium,Listed,Tamias sibiricus,Mammals,Animal,Juveniles only,,No
France,PP,Pet/aquarium,Listed,Tamias sibiricus,Mammals,Animal,Juveniles only,160,No
France,PP,Pet/aquarium,Listed,Tamias sibiricus,Mammals,Animal,Adults only,,No
France,PP,Pet/aquarium,Listed,Tamias sibiricus,Mammals,Animal,Juveniles only,87.5,No
France,PP,Pet/aquarium,Listed,Tamias sibiricus,Mammals,Animal,Adults only,200,No
France,PP,Pet/aquarium,Listed,Tamias sibiricus,Mammals,Animal,Adults only,100,No
France,PP,Pet/aquarium,Listed,Tamias sibiricus,Mammals,Animal,Adults only,,No
Netherlands,PP,Both,Listed,Tamias sibiricus,Mammals,Animal,Adults only,,No
Netherlands,PP,Both,Listed,Tamias sibiricus,Mammals,Animal,Juveniles only,,No
Spain,PP,Both,Listed,Tamias sibiricus,Mammals,Animal,Adults only,275,No
Italy,PP,Pet/aquarium,Listed,Tamias sibiricus,Mammals,Animal,Juveniles only,,No
Italy,PP,Pet/aquarium,Listed,Tamias sibiricus,Mammals,Animal,Unknown,,No
Italy,OR,Pet/aquarium,Listed,Threskiornis aethiopicus,Birds,Animal,Unknown,,No
Czechia,OR,Both,Listed,Trachemys scripta,Reptiles,Animal,Juveniles only,9.5025546,Unknown
Czechia,PP,Both,Listed,Trachemys scripta,Reptiles,Animal,Adults only,19.635,Unknown
Czechia,PP,Both,Listed,Trachemys scripta,Reptiles,Animal,Adults only,9.8175,Unknown
Czechia,PP,Both,Listed,Trachemys scripta,Reptiles,Animal,Adults only,,Unknown
Czechia,PP,Both,Listed,Trachemys scripta,Reptiles,Animal,Adults only,6.87225,Unknown
Czechia,PP,Both,Listed,Trachemys scripta,Reptiles,Animal,Adults only,11.781,Unknown
Czechia,PP,Both,Listed,Trachemys scripta,Reptiles,Animal,Adults only,7.854,Unknown
Czechia,PP,Both,Listed,Trachemys scripta,Reptiles,Animal,Adults only,,Unknown
Czechia,PP,Both,Listed,Trachemys scripta,Reptiles,Animal,Adults only,7.854,Unknown
Czechia,PP,Both,Listed,Trachemys scripta,Reptiles,Animal,Adults only,,Unknown
Czechia,PP,Both,Listed,Trachemys scripta,Reptiles,Animal,Adults only,,Unknown
Czechia,PP,Both,Listed,Trachemys scripta,Reptiles,Animal,Adults only,4.90875,Unknown
Czechia,PP,Both,Listed,Trachemys scripta,Reptiles,Animal,Adults only,,Unknown
Czechia,PP,Both,Listed,Trachemys scripta,Reptiles,Animal,Juveniles only,,Unknown
Czechia,PP,Both,Listed,Trachemys scripta,Reptiles,Animal,Adults only,19.635,Unknown
Czechia,PP,Both,Listed,Trachemys scripta,Reptiles,Animal,Adults only,4.5815,Unknown
Czechia,PP,Both,Listed,Trachemys scripta,Reptiles,Animal,Adults only,13.7445,Unknown
Czechia,PP,Both,Listed,Trachemys scripta,Reptiles,Animal,Adults only,,Unknown
Czechia,PP,Both,Listed,Trachemys scripta,Reptiles,Animal,Adults only,19.635,Unknown
Czechia,PP,Both,Listed,Trachemys scripta,Reptiles,Animal,Adults only,4.90875,Unknown
Czechia,PP,Both,Listed,Trachemys scripta,Reptiles,Animal,Adults only,7.854,Unknown
Czechia,PP,Both,Listed,Trachemys scripta,Reptiles,Animal,Adults only,25.5255,Unknown
Czechia,PP,Both,Listed,Trachemys scripta,Reptiles,Animal,Adults only,9.8175,Unknown
Czechia,PP,Both,Listed,Trachemys scripta,Reptiles,Animal,Adults only,5.8905,Unknown
Czechia,PP,Both,Listed,Trachemys scripta,Reptiles,Animal,Adults only,,Unknown
Czechia,PP,Both,Listed,Trachemys scripta,Reptiles,Animal,Adults only,,Unknown
Czechia,PP,Both,Listed,Trachemys scripta,Reptiles,Animal,Adults only,,Unknown
Czechia,PP,Both,Listed,Trachemys scripta,Reptiles,Animal,Adults only,,Unknown
Czechia,PP,Both,Listed,Trachemys scripta,Reptiles,Animal,Adults only,7.854,Unknown
Czechia,PP,Both,Listed,Trachemys scripta,Reptiles,Animal,Adults only,,Unknown
Czechia,PP,Both,Listed,Trachemys scripta,Reptiles,Animal,Adults only,,Unknown
Czechia,PP,Both,Listed,Trachemys scripta,Reptiles,Animal,Adults only,,Unknown
Czechia,PP,Both,Listed,Trachemys scripta,Reptiles,Animal,unknown,,No
Czechia,PP,Both,Listed,Trachemys scripta,Reptiles,Animal,Adults only,19.635,No
Czechia,PP,Pet/aquarium,Listed,Trachemys scripta,Reptiles,Animal,Adults only,,No
Czechia,PP,Pet/aquarium,Listed,Trachemys scripta,Reptiles,Animal,Adults only,,No
Czechia,PP,Pet/aquarium,Listed,Trachemys scripta,Reptiles,Animal,Adults only,17.6715,No
Czechia,PP,Pet/aquarium,Listed,Trachemys scripta,Reptiles,Animal,Adults only,19.635,No
Czechia,PP,Pet/aquarium,Listed,Trachemys scripta,Reptiles,Animal,Adults only,,No
Czechia,PP,Pet/aquarium,Listed,Trachemys scripta,Reptiles,Animal,Adults only,,No
Czechia,PP,Pet/aquarium,Listed,Trachemys scripta,Reptiles,Animal,unknown,13.7445,No
Czechia,PP,Pet/aquarium,Listed,Trachemys scripta,Reptiles,Animal,Juveniles only,1.9635,No
Czechia,PP,Pet/aquarium,Listed,Trachemys scripta,Reptiles,Animal,Juveniles only,,No
Germany,PP,Pet/aquarium,Listed,Trachemys scripta,Reptiles,Animal,Adults only,,No
Germany,PP,Pet/aquarium,Listed,Trachemys scripta,Reptiles,Animal,Adults only,75,No
Germany,PP,Both,Listed,Trachemys scripta,Reptiles,Animal,Adults only,,No
Germany,PP,Both,Listed,Trachemys scripta,Reptiles,Animal,Adults only,,No
Germany,PP,Both,Listed,Trachemys scripta,Reptiles,Animal,Adults only,50,No
Germany,PP,Both,Listed,Trachemys scripta,Reptiles,Animal,Adults only,60,No
Germany,PP,Both,Listed,Trachemys scripta,Reptiles,Animal,Adults only,,No
France,PP,Pet/aquarium,Listed,Trachemys scripta,Reptiles,Animal,Adults only,120,No
France,PP,Pet/aquarium,Listed,Trachemys scripta,Reptiles,Animal,Juveniles only,25,No
France,PP,Pet/aquarium,Listed,Trachemys scripta,Reptiles,Animal,Adults only,50,No
France,PP,Pet/aquarium,Listed,Trachemys scripta,Reptiles,Animal,Adults only,,No
France,PP,Pet/aquarium,Listed,Trachemys scripta,Reptiles,Animal,Juveniles only,60,No
France,PP,Pet/aquarium,Listed,Trachemys scripta,Reptiles,Animal,Juveniles only,30,No
Spain,PP,Both,Listed,Trachemys scripta,Reptiles,Animal,Adults only,25,No
Spain,PP,Both,Listed,Trachemys scripta,Reptiles,Animal,Juveniles only,10,No
Spain,PP,Both,Listed,Trachemys scripta,Reptiles,Animal,Adults only,,No
Italy,PP,Pet/aquarium,Listed,Trachemys scripta,Reptiles,Animal,Adults only,,No
Italy,PP,Pet/aquarium,Listed,Trachemys scripta,Reptiles,Animal,Adults only,,No
Italy,OR,Pet/aquarium,Listed,Trachemys scripta,Reptiles,Animal,Adults only,,No
International,OR,Pet/aquarium,Listed,Trachemys scripta,Reptiles,Animal,Adults only,,No
International,OR,Pet/aquarium,Listed,Trachemys scripta,Reptiles,Animal,Juveniles only,8.424,No
International,OR,Pet/aquarium,Listed,Trachemys scripta,Reptiles,Animal,Juveniles only,168.471576,No
Germany,OR,Horticulture,Listed,Triadica sebifera,Flowering plants (Didcots),Plant,Seeds only,3.098,
Germany,OR,Horticulture,Listed,Triadica sebifera,Flowering plants (Didcots),Plant,Seeds only,,Yes
Germany,PP,Both,Listed,Triadica sebifera,Flowering plants (Didcots),Plant,Seeds only,,-
Germany,OR,Horticulture,Listed,Triadica sebifera,Flowering plants (Didcots),Plant,Seeds only,0.115,
France,OR,Horticulture,Listed,Triadica sebifera,Flowering plants (Didcots),Plant,Juveniles only,,No
France,OR,Horticulture,Listed,Triadica sebifera,Flowering plants (Didcots),Plant,Juveniles only,,No
France,OR,Horticulture,Listed,Triadica sebifera,Flowering plants (Didcots),Plant,Seeds only,1.132,No
France,OR,Horticulture,Listed,Triadica sebifera,Flowering plants (Didcots),Plant,Seeds only,0.92,No
Spain,PP,Horticulture,Listed,Triadica sebifera,Flowering plants (Didcots),Plant,Seeds only,0.79,No
Spain,OR,Both,Listed,Triadica sebifera,Flowering plants (Didcots),Plant,Seeds only,1.132,No
Spain,PP,Horticulture,Listed,Triadica sebifera,Flowering plants (Didcots),Plant,Seeds only,0.2167776,No
Spain,PP,Horticulture,Listed,Triadica sebifera,Flowering plants (Didcots),Plant,Seeds only,0.1948752,No
Italy,OR,Horticulture,Listed,Triadica sebifera,Flowering plants (Didcots),Plant,Seeds only,0.195,No
Italy,PP,Horticulture,Listed,Triadica sebifera,Flowering plants (Didcots),Plant,Seeds only,0.79,No
International,OR,Horticulture,Listed,Triadica sebifera,Flowering plants (Didcots),Plant,Adults only,,No
International,OR,Both,Listed,Triadica sebifera,Flowering plants (Didcots),Plant,Seeds only,0.2187432,No
Germany,OR,Pet/aquarium,Listed,Elodea nuttallii,Aquatic plants,Plant,Adults only,4.95,No
Germany,OR,Pet/aquarium,Proposed,Xenopus laevis,Amphibians,Animal,Adults only,8.95,No
Germany,OR,Pet/aquarium,Proposed,Xenopus laevis,Amphibians,Animal,Adults only,8.95,No
Germany,OR,Pet/aquarium,Proposed,Xenopus laevis,Amphibians,Animal,Adults only,8.95,No
Germany,OR,Pet/aquarium,Proposed,Xenopus laevis,Amphibians,Animal,Adults only,7.64,No
Germany,OR,Pet/aquarium,Proposed,Xenopus laevis,Amphibians,Animal,Adults only,6.14,No
Germany,OR,Pet/aquarium,Proposed,Xenopus laevis,Amphibians,Animal,Adults only,19.9,No
Germany,PP,Both,Proposed,Xenopus laevis,Amphibians,Animal,Adults only,7.5,No
Germany,PP,Both,Proposed,Xenopus laevis,Amphibians,Animal,Adults only,10,No
Germany,PP,Both,Proposed,Xenopus laevis,Amphibians,Animal,Adults only,5,No
Germany,PP,Both,Proposed,Xenopus laevis,Amphibians,Animal,Adults only,15,No
Germany,PP,Both,Proposed,Xenopus laevis,Amphibians,Animal,Adults only,5,No
Germany,PP,Both,Proposed,Xenopus laevis,Amphibians,Animal,Adults only,,No
France,PP,Pet/aquarium,Proposed,Xenopus laevis,Amphibians,Animal,Adults only,3.333333333,No
France,PP,Pet/aquarium,Proposed,Xenopus laevis,Amphibians,Animal,Adults only,,No
France,PP,Pet/aquarium,Proposed,Xenopus laevis,Amphibians,Animal,Juveniles only,2,No
France,OR,Pet/aquarium,Proposed,Xenopus laevis,Amphibians,Animal,Juveniles only,9,Yes
Netherlands,OR,Pet/aquarium,Proposed,Xenopus laevis,Amphibians,Animal,Unknown,,No
Italy,OR,Pet/aquarium,Proposed,Xenopus laevis,Amphibians,Animal,Adults only,4,No
Italy,OR,Pet/aquarium,Proposed,Xenopus laevis,Amphibians,Animal,Adults only,6.9,No
Italy,OR,Pet/aquarium,Proposed,Xenopus laevis,Amphibians,Animal,Unknown,6.1,No
Italy,OR,Pet/aquarium,Proposed,Xenopus laevis,Amphibians,Animal,Unknown,6.1,No
Italy,OR,Pet/aquarium,Proposed,Xenopus laevis,Amphibians,Animal,Unknown,9.24,No
Italy,OR,Pet/aquarium,Proposed,Xenopus laevis,Amphibians,Animal,Unknown,9.56,No
International,OR,Pet/aquarium,Proposed,Xenopus laevis,Amphibians,Animal,Adults only,11.706,No
International,OR,Pet/aquarium,Proposed,Xenopus laevis,Amphibians,Animal,Adults only,11.706,No
